,Date,Open,High,Low,Close,Volume,Currency,H-L,O-C,SMA_7,SMA_14,SMA_21,SD_7,SD_21
20,2020-06-21,0.18793,0.1884,0.18577,0.18606,623938624,USD,0.002630000000000021,0.0018700000000000105,0.18985999999999997,0.19294642857142857,0.19684142857142858,0.0028520518929360684,0.007476066001390211
21,2020-06-22,0.18606,0.19018,0.18584,0.18941,1066312000,USD,0.004339999999999983,-0.003349999999999992,0.18943142857142856,0.19189857142857145,0.1958180952380952,0.0026210521333454046,0.006904428013273505
22,2020-06-23,0.18942,0.19042,0.18839,0.18886,793852224,USD,0.002030000000000004,0.0005600000000000049,0.18892714285714288,0.19100785714285715,0.19513666666666665,0.002273497410640853,0.0068484883976928125
23,2020-06-24,0.18886,0.1901,0.18179,0.18351,1010395648,USD,0.008309999999999984,0.005349999999999994,0.18754571428571426,0.18963714285714287,0.19415571428571426,0.002195183038251877,0.006973115925774172
24,2020-06-25,0.18352,0.18406,0.17897,0.18155,912398528,USD,0.005090000000000011,0.0019699999999999995,0.18637,0.18914928571428571,0.19306857142857142,0.0028923289347283546,0.007078260581325223
25,2020-06-26,0.18155,0.18679,0.17876,0.18248,1107919744,USD,0.00803000000000001,-0.0009300000000000141,0.1856857142857143,0.188395,0.1921,0.003194729290267867,0.007068812488671598
26,2020-06-27,0.18249,0.18342,0.16947,0.17514,975543744,USD,0.01394999999999999,0.007350000000000023,0.18385857142857143,0.18716142857142856,0.19074,0.004899725939857704,0.007461910613241054
27,2020-06-28,0.17514,0.1796,0.17349,0.17688,856627392,USD,0.006110000000000004,-0.0017400000000000193,0.18254714285714285,0.1862035714285714,0.18947999999999998,0.0054138578798170614,0.007461910613241049
28,2020-06-29,0.17687,0.17913,0.17518,0.17725,880970176,USD,0.003950000000000009,-0.00037999999999999146,0.18080999999999997,0.1851207142857143,0.18820238095238095,0.00475563525374548,0.007126487847994857
29,2020-06-30,0.17724,0.17756,0.17497,0.17532,639094784,USD,0.002590000000000009,0.001920000000000005,0.17887571428571428,0.18390142857142858,0.18696380952380953,0.0035318496435666805,0.006989787891052488
30,2020-07-01,0.17531,0.1781,0.17393,0.17645,773686144,USD,0.004170000000000007,-0.0011400000000000021,0.17786714285714286,0.18270642857142858,0.1857138095238095,0.002947618893761094,0.006353120080866084
31,2020-07-02,0.17644,0.17712,0.1724,0.17478,925563648,USD,0.004720000000000002,0.0016600000000000226,0.1769,0.181635,0.18506619047619047,0.0026315458068089303,0.006748609839211616
32,2020-07-03,0.17478,0.17852,0.17443,0.1764,802843072,USD,0.00409000000000001,-0.0016200000000000103,0.17603142857142856,0.18085857142857145,0.18427380952380953,0.0009471787682628914,0.006742442788923298
33,2020-07-04,0.17634,0.1795,0.17604,0.17808,773848384,USD,0.003459999999999991,-0.0017399999999999916,0.17645142857142854,0.180155,0.18359142857142857,0.0011217609455886537,0.006601506862614156
34,2020-07-05,0.17808,0.17876,0.17401,0.17711,777705024,USD,0.004750000000000004,0.0009699999999999986,0.1764842857142857,0.17951571428571428,0.18296380952380953,0.0011396323550874766,0.006559206869881728
35,2020-07-06,0.17704,0.18908,0.17645,0.18875,1247134848,USD,0.012630000000000002,-0.011709999999999998,0.17812714285714287,0.1794685714285714,0.18278952380952382,0.0048090391080607055,0.006340644664535589
36,2020-07-07,0.18875,0.18957,0.18321,0.18512,935864192,USD,0.006359999999999977,0.0036299999999999943,0.17952714285714283,0.17920142857142857,0.18244333333333335,0.00526087988295277,0.005978380494191731
37,2020-07-08,0.18512,0.20659,0.18402,0.20544,2166273536,USD,0.022570000000000007,-0.020320000000000005,0.18366857142857143,0.18076785714285712,0.18302714285714286,0.010862845588781691,0.0074874355709128055
38,2020-07-09,0.20545,0.21161,0.1975,0.20261,2281945088,USD,0.014109999999999984,0.0028399999999999814,0.1876442857142857,0.18227214285714285,0.18363809523809524,0.012090873772040947,0.008518457970224142
39,2020-07-10,0.20261,0.20264,0.19338,0.19898,1359863296,USD,0.00925999999999999,0.003630000000000022,0.19087,0.18345071428571427,0.1841957142857143,0.011592836868802447,0.009129447174625898
40,2020-07-11,0.19898,0.2046,0.19812,0.20115,1129016192,USD,0.0064800000000000135,-0.0021700000000000053,0.1941657142857143,0.1853085714285714,0.18482523809523807,0.010586354199538826,0.009828826796239485
41,2020-07-12,0.20114,0.20385,0.19798,0.20119,863294144,USD,0.005870000000000014,-4.999999999999449e-05,0.1976057142857143,0.187045,0.18554571428571429,0.007616138254047082,0.010458242477313525
42,2020-07-13,0.20119,0.20645,0.19412,0.19872,1309802112,USD,0.012330000000000008,0.00247,0.19903,0.18857857142857143,0.1859890476190476,0.006540275223566452,0.010821271600307346
43,2020-07-14,0.19872,0.19972,0.19509,0.19911,948659200,USD,0.004629999999999995,-0.00039000000000000146,0.20102857142857142,0.19027785714285717,0.18647714285714287,0.0024224466184096906,0.011182379953684759
44,2020-07-15,0.19911,0.19974,0.19654,0.19723,772565760,USD,0.0032000000000000084,0.0018800000000000205,0.19985571428571428,0.19176214285714285,0.18713047619047618,0.0018506202306503466,0.01139905411698287
45,2020-07-16,0.19724,0.19752,0.18907,0.19441,1045230208,USD,0.008450000000000013,0.002829999999999999,0.1986842857142857,0.1931642857142857,0.18774285714285716,0.00234566164896514,0.011429661474801903
46,2020-07-17,0.19442,0.19798,0.19141,0.19448,910351744,USD,0.0065699999999999925,-5.999999999997674e-05,0.19804142857142853,0.19445571428571426,0.1883142857142857,0.0028198252225469056,0.011453334698431072
47,2020-07-18,0.19448,0.20197,0.19403,0.19989,988422336,USD,0.007940000000000003,-0.005410000000000026,0.19786142857142858,0.1960135714285714,0.18949285714285713,0.0026215671430866987,0.01130230779215338
48,2020-07-19,0.19988,0.20198,0.19588,0.19953,877534016,USD,0.006099999999999994,0.0003499999999999892,0.19762428571428572,0.197615,0.19057142857142856,0.002329047424325964,0.011117719319048425
49,2020-07-20,0.19954,0.20008,0.19286,0.19469,946402432,USD,0.007220000000000004,0.004849999999999993,0.19704857142857143,0.19803928571428572,0.19140190476190475,0.0025045320825213104,0.010717024595963003
50,2020-07-21,0.19468,0.20085,0.19399,0.19947,998165760,USD,0.006860000000000005,-0.0047900000000000165,0.19710000000000003,0.1990642857142857,0.19255190476190476,0.002557062116309309,0.010187704166811876
51,2020-07-22,0.19947,0.20437,0.1962,0.20356,1001729088,USD,0.008169999999999983,-0.0040899999999999825,0.19800428571428572,0.19893,0.19384285714285715,0.0035407619572759568,0.009753705522957486
52,2020-07-23,0.20356,0.21006,0.20164,0.20851,1421268096,USD,0.008419999999999983,-0.00495000000000001,0.20001857142857143,0.19935142857142857,0.1954490476190476,0.004903598775631841,0.009220225542123093
53,2020-07-24,0.2085,0.2085,0.20205,0.20401,1021788864,USD,0.0064499999999999835,0.004489999999999994,0.20138000000000003,0.19971071428571427,0.1967638095238095,0.004407436896882009,0.008289675190374162
54,2020-07-25,0.20401,0.21741,0.20367,0.21463,1261953024,USD,0.013740000000000002,-0.01061999999999999,0.20348571428571427,0.20067357142857145,0.19850428571428572,0.006568322609674288,0.00800273676402554
55,2020-07-26,0.21464,0.22492,0.21295,0.21526,1546521728,USD,0.011970000000000008,-0.0006200000000000094,0.20573285714285713,0.20167857142857143,0.20032095238095238,0.007599295393402384,0.007192386881113912
56,2020-07-27,0.21527,0.2289,0.21005,0.22433,2097322752,USD,0.018850000000000006,-0.009060000000000012,0.20996714285714285,0.20350785714285716,0.2020152380952381,0.008611044679723012,0.008416867956103203
57,2020-07-28,0.22433,0.2346,0.21729,0.23041,2001966080,USD,0.017309999999999992,-0.006080000000000002,0.21438714285714286,0.20574357142857141,0.20417190476190475,0.010131355148392144,0.00959169256129893
58,2020-07-29,0.23041,0.25,0.22955,0.24319,2443461888,USD,0.020449999999999996,-0.012779999999999986,0.22004857142857143,0.20902642857142856,0.2059695238095238,0.013563930635538813,0.012831513736185065
59,2020-07-30,0.24096,0.24941,0.23742,0.24417,1933747200,USD,0.01199,-0.0032099999999999906,0.22514285714285714,0.2125807142857143,0.2079485714285714,0.015115796058302185,0.015262201114424633
60,2020-07-31,0.24415,0.26039,0.2418,0.25947,1779268736,USD,0.018590000000000023,-0.015319999999999973,0.23306571428571426,0.21722285714285716,0.2108290476190476,0.01664971056519464,0.01878626889639401
61,2020-08-01,0.25945,0.29743,0.25576,0.291,3303446528,USD,0.04167000000000004,-0.03154999999999997,0.24397571428571427,0.2237307142857143,0.21510761904761902,0.025319907752032175,0.025502691996093698
62,2020-08-02,0.29101,0.32523,0.25562,0.28787,5374993408,USD,0.06961,0.003139999999999976,0.2543485714285714,0.2300407142857143,0.2192352380952381,0.026443427934977923,0.02979146515682771
63,2020-08-03,0.28791,0.31971,0.28482,0.31005,3329006336,USD,0.03488999999999998,-0.022139999999999993,0.2665942857142857,0.23828071428571426,0.2245366666666667,0.02985342295122539,0.0353460506044641
64,2020-08-04,0.31005,0.31873,0.29153,0.30129,2739997696,USD,0.027200000000000002,0.00875999999999999,0.27671999999999997,0.24555357142857145,0.22940238095238094,0.02745948712800955,0.03855790838527972
65,2020-08-05,0.30136,0.30789,0.29175,0.30249,2066357376,USD,0.016139999999999988,-0.0011299999999999644,0.28519142857142854,0.25262,0.23441476190476193,0.02436396548769724,0.04093493662130774
66,2020-08-06,0.30248,0.31065,0.29743,0.30316,1821054592,USD,0.013219999999999954,-0.0006799999999999584,0.2936185714285714,0.2593807142857143,0.2395933333333333,0.016855324014062596,0.04247101238884399
67,2020-08-07,0.30316,0.31003,0.28165,0.29444,1877519104,USD,0.02837999999999996,0.008720000000000006,0.2986142857142857,0.26583999999999997,0.24435333333333334,0.007793815619114238,0.0427626427309321
68,2020-08-08,0.29444,0.29864,0.29027,0.29525,1097434752,USD,0.008370000000000044,-0.0008100000000000329,0.2992214285714286,0.2715985714285714,0.2488942857142857,0.0072482421514255,0.04286801238352781
69,2020-08-09,0.29526,0.29828,0.28236,0.28795,1176324224,USD,0.01591999999999999,0.007310000000000039,0.29923285714285713,0.2767907142857143,0.2531047619047619,0.00722739398466079,0.0421126795180559
70,2020-08-10,0.28795,0.29993,0.2851,0.29464,1968342784,USD,0.014829999999999954,-0.006690000000000029,0.29703142857142856,0.28181285714285714,0.25786428571428577,0.0055312910746378235,0.04080853630938379
71,2020-08-11,0.29465,0.30713,0.27077,0.28293,2647905536,USD,0.03636,0.011720000000000008,0.2944085714285714,0.2855642857142857,0.2618385714285714,0.007258676253447862,0.03885449540088191
72,2020-08-12,0.28292,0.28719,0.27266,0.28231,1966941312,USD,0.014529999999999987,0.0006099999999999994,0.2915257142857143,0.2883585714285714,0.26558857142857145,0.007516871816437262,0.0366884254616787
73,2020-08-13,0.28232,0.29536,0.27298,0.29435,2002269312,USD,0.02238000000000001,-0.012029999999999985,0.2902671428571429,0.29194285714285717,0.26967619047619046,0.005781466694779459,0.03474132013556646
74,2020-08-14,0.29434,0.30708,0.29097,0.30006,2095010560,USD,0.016110000000000013,-0.005720000000000003,0.29107,0.2948421428571429,0.27425000000000005,0.006764212198523464,0.03186769477072371
75,2020-08-15,0.30006,0.30522,0.29364,0.29886,1810796672,USD,0.01157999999999998,0.0011999999999999789,0.2915857142857143,0.29540357142857143,0.2782609523809524,0.007255772086512611,0.029175558761532404
76,2020-08-16,0.29882,0.30467,0.29243,0.30447,1737142528,USD,0.012239999999999973,-0.005650000000000044,0.2939457142857143,0.2965892857142857,0.2825090476190476,0.008462432387011956,0.025848680992414875
77,2020-08-17,0.30446,0.32667,0.29746,0.31513,2746874112,USD,0.029210000000000014,-0.010670000000000013,0.29687285714285716,0.29695214285714283,0.2868328571428571,0.01167612480560984,0.023075754839843966
78,2020-08-18,0.3152,0.32152,0.2985,0.30255,2147984640,USD,0.023019999999999985,0.012649999999999995,0.2996757142857143,0.29704214285714287,0.2902680952380952,0.010006880728016542,0.019320301400094313
79,2020-08-19,0.30255,0.30587,0.27942,0.28979,1988950912,USD,0.026449999999999974,0.012759999999999994,0.30074428571428574,0.296135,0.29248714285714283,0.008051835933794792,0.016040503153847172
80,2020-08-20,0.28979,0.2944,0.2847,0.29217,1224809344,USD,0.009699999999999986,-0.0023799999999999932,0.3004328571428571,0.29535,0.2947728571428571,0.008376006833579929,0.011622811253245949
81,2020-08-21,0.29215,0.29575,0.27792,0.27921,1528897664,USD,0.017830000000000013,0.012940000000000007,0.2974542857142857,0.29426214285714286,0.29571285714285717,0.011612582051583062,0.009162832609438001
82,2020-08-22,0.27921,0.28661,0.27353,0.28611,1216485248,USD,0.01307999999999998,-0.006899999999999962,0.29563285714285714,0.2936092857142857,0.29548,0.012332923030497593,0.00934883736087055
83,2020-08-23,0.28609,0.28794,0.27761,0.28477,969029888,USD,0.01032999999999995,0.0013199999999999878,0.29281857142857143,0.29338214285714287,0.295332380952381,0.01222750373621024,0.009498288216706632
84,2020-08-24,0.2848,0.29193,0.28236,0.28857,988013504,USD,0.009570000000000023,-0.0037699999999999956,0.2890242857142857,0.29294857142857145,0.2943095238095238,0.007263440087503305,0.008976358101252083
85,2020-08-25,0.28856,0.28957,0.27047,0.27641,1304892672,USD,0.019100000000000006,0.012149999999999994,0.28529,0.29248285714285716,0.2931247619047619,0.005702432229612389,0.009627276675700427
86,2020-08-26,0.27641,0.28055,0.27404,0.27647,1102132608,USD,0.006510000000000016,-6.0000000000004494e-05,0.28338714285714284,0.29206571428571426,0.2918857142857143,0.0061549809484822545,0.010027767733363948
87,2020-08-27,0.27647,0.27826,0.25489,0.26455,1563956992,USD,0.023370000000000002,0.011919999999999986,0.27944142857142856,0.28993714285714284,0.2900471428571429,0.008124258794029785,0.01131429853895419
88,2020-08-28,0.26456,0.27313,0.26005,0.27168,1178547968,USD,0.01307999999999998,-0.00711999999999996,0.27836571428571427,0.28791,0.28896333333333335,0.008642024950096173,0.011944986954088436
89,2020-08-29,0.27167,0.2768,0.26872,0.27384,952890240,USD,0.008079999999999976,-0.0021699999999999497,0.27661285714285716,0.2861228571428572,0.28794380952380955,0.008032311237091952,0.012290279279248069
90,2020-08-30,0.27384,0.28383,0.27381,0.28303,1158108544,USD,0.010020000000000029,-0.009190000000000031,0.2763642857142857,0.28459142857142855,0.2877095238095238,0.007760115671694918,0.012336960920823023
91,2020-08-31,0.28303,0.2845,0.27813,0.28117,1158742016,USD,0.006369999999999987,0.0018600000000000283,0.27530714285714286,0.2821657142857143,0.2870680952380952,0.006159125247103991,0.012308748766242888
92,2020-09-01,0.28114,0.29881,0.27632,0.29542,1627356416,USD,0.02249000000000001,-0.014280000000000015,0.2780228571428571,0.2816564285714286,0.2876628571428571,0.009825934585380686,0.012400217394408096
93,2020-09-02,0.29533,0.30373,0.26565,0.27602,2076626304,USD,0.03808,0.019309999999999994,0.27795857142857144,0.2806728571428571,0.2873633333333333,0.00983925035859122,0.012610168251587409
94,2020-09-03,0.27602,0.27647,0.2397,0.2443,2073757568,USD,0.03677,0.03172,0.2750657142857143,0.27725357142857143,0.28498,0.015681169022262083,0.015599163759638207
95,2020-09-04,0.2443,0.26547,0.24113,0.25404,2073695360,USD,0.024339999999999973,-0.009739999999999999,0.2725457142857143,0.27545571428571425,0.28278857142857144,0.017614194898000653,0.016576649023766935
96,2020-09-05,0.25403,0.25941,0.23152,0.23736,2216064256,USD,0.02788999999999997,0.01666999999999999,0.2673342857142857,0.2719735714285714,0.27986,0.022014410323802747,0.01886937068373005
97,2020-09-06,0.23737,0.2434,0.22977,0.23984,1782105344,USD,0.013630000000000003,-0.00247,0.2611642857142857,0.26876428571428573,0.27678238095238095,0.022916164496662325,0.01989736764116376
98,2020-09-07,0.23985,0.24285,0.22986,0.24207,1771767296,USD,0.012990000000000002,-0.0022199999999999998,0.25557857142857143,0.26544285714285715,0.27330333333333334,0.0219729579472672,0.01923322004588274
99,2020-09-08,0.242,0.24355,0.23133,0.2365,1748003712,USD,0.012219999999999981,0.005500000000000005,0.24716142857142856,0.26259214285714283,0.2701580952380952,0.014009399735619397,0.01960830171612242
100,2020-09-09,0.2365,0.24273,0.23312,0.23904,1433626240,USD,0.009610000000000007,-0.0025400000000000145,0.24187857142857142,0.25991857142857144,0.2677414285714286,0.005991105709219281,0.020186614695316223
101,2020-09-10,0.23901,0.24858,0.23888,0.24312,1556305664,USD,0.009699999999999986,-0.0041100000000000025,0.24171,0.2583878571428571,0.2654057142857143,0.005927886076277579,0.020056022928644168
102,2020-09-11,0.24311,0.24441,0.23701,0.24257,1346810112,USD,0.00739999999999999,0.0005399999999999849,0.24007142857142855,0.25630857142857144,0.26366095238095233,0.0026062516415419233,0.020386103822153823
103,2020-09-12,0.24258,0.24873,0.24023,0.24748,1353991424,USD,0.008500000000000008,-0.0049000000000000155,0.24151714285714285,0.2544257142857143,0.26182142857142854,0.003503801337050394,0.019998334002040256
104,2020-09-13,0.24741,0.25336,0.23778,0.24206,1019234432,USD,0.015579999999999983,0.005349999999999994,0.2418342857142857,0.2514992857142857,0.25978761904761904,0.0034263092735606258,0.019717606828609718
105,2020-09-14,0.24203,0.24833,0.23915,0.2457,1066810944,USD,0.009179999999999994,-0.0036700000000000066,0.24235285714285712,0.2489657142857143,0.25774619047619046,0.0037292390389349023,0.01878589882762928
106,2020-09-15,0.24559,0.24939,0.24218,0.24331,1068335680,USD,0.007209999999999994,0.0022800000000000042,0.24332571428571428,0.24524357142857142,0.25617,0.002691912932857878,0.018528483208293638
107,2020-09-16,0.24331,0.25112,0.23431,0.24674,1088483328,USD,0.01681000000000002,-0.0034299999999999886,0.2444257142857143,0.24315214285714284,0.2547542857142857,0.0021717263267012907,0.01802892053657971
108,2020-09-17,0.24683,0.25821,0.24614,0.25209,1099547264,USD,0.012069999999999997,-0.005259999999999987,0.24570714285714287,0.2437085714285714,0.2541609523809524,0.0035080940422850646,0.017894955966630353
109,2020-09-18,0.25214,0.25523,0.24641,0.25061,1086172672,USD,0.008820000000000022,0.0015299999999999758,0.24685571428571432,0.2434635714285714,0.253157619047619,0.0036240440447223294,0.017448697631847476
110,2020-09-19,0.25061,0.25459,0.24748,0.25111,862879296,USD,0.0071099999999999774,-0.0005000000000000004,0.2473742857142857,0.2444457142857143,0.25207523809523813,0.003971334188668511,0.01679430011017123
111,2020-09-20,0.25082,0.25131,0.2425,0.24641,774896256,USD,0.008809999999999985,0.004409999999999997,0.2479957142857143,0.244915,0.25033142857142854,0.0032816147302947335,0.015249605990226922
112,2020-09-21,0.2466,0.24808,0.22928,0.23083,1240188032,USD,0.018799999999999983,0.015770000000000006,0.24587142857142855,0.24411214285714286,0.24793428571428572,0.007330498911104646,0.014070582280570655
113,2020-09-22,0.23079,0.23451,0.22942,0.23295,835783296,USD,0.005089999999999983,-0.0021599999999999953,0.24439142857142857,0.24385857142857142,0.24495952380952385,0.008826917975849391,0.009336562791623546
114,2020-09-23,0.23297,0.23503,0.22042,0.22145,705558720,USD,0.014609999999999984,0.011520000000000002,0.24077857142857145,0.24260214285714282,0.2423609523809524,0.012226413249697273,0.007712225946355871
115,2020-09-24,0.22146,0.23383,0.21955,0.23273,791787584,USD,0.014280000000000015,-0.011270000000000002,0.2380128571428571,0.24186,0.24181,0.011403200887302772,0.007975554526177217
116,2020-09-25,0.23279,0.24467,0.22962,0.24155,875930752,USD,0.015050000000000008,-0.00875999999999999,0.23671857142857142,0.24178714285714284,0.24121523809523807,0.010184097781298052,0.007467447769519543
117,2020-09-26,0.24149,0.24546,0.23776,0.24157,939301888,USD,0.007700000000000012,-7.999999999999674e-05,0.23535571428571428,0.241365,0.2414157142857143,0.008423346241533366,0.00741510119380119
118,2020-09-27,0.24151,0.24468,0.23743,0.24339,943952384,USD,0.0072500000000000064,-0.0018799999999999928,0.2349242857142857,0.24146,0.24158476190476189,0.007818420252076992,0.007417847813921651
119,2020-09-28,0.24331,0.24838,0.24017,0.24099,1399760512,USD,0.008209999999999995,0.0023199999999999887,0.2363757142857143,0.2411235714285714,0.24153333333333332,0.007874530371483812,0.007418059270008524
120,2020-09-29,0.24105,0.24661,0.23845,0.24274,1249066240,USD,0.00816,-0.0016900000000000248,0.2377742857142857,0.24108285714285715,0.2418304761904762,0.008032496202183203,0.007330823607339812
121,2020-09-30,0.24288,0.24288,0.23774,0.24174,1220208128,USD,0.005140000000000006,0.0011400000000000021,0.24067285714285713,0.2407257142857143,0.24195904761904763,0.0035953336158854533,0.007303060252226113
122,2020-10-01,0.24183,0.24439,0.23418,0.23826,1243268736,USD,0.010209999999999997,0.00356999999999999,0.24146285714285717,0.23973785714285717,0.24172761904761902,0.0016290458790907453,0.007341335644666101
123,2020-10-02,0.23824,0.23934,0.22849,0.2339,1229551744,USD,0.010849999999999999,0.0043400000000000105,0.24037,0.2385442857142857,0.24131476190476192,0.0032851078115224094,0.007532883657040135
124,2020-10-03,0.23396,0.23523,0.23255,0.23273,1082976896,USD,0.002679999999999988,0.0012300000000000089,0.23910714285714288,0.23723142857142857,0.24061238095238094,0.004291805037065739,0.007616477469778635
125,2020-10-04,0.23265,0.25014,0.23152,0.24785,1304234880,USD,0.01861999999999997,-0.015199999999999991,0.23974428571428572,0.23733428571428572,0.2408880952380952,0.005256275161311556,0.007774656660618689
126,2020-10-05,0.24792,0.2542,0.24637,0.2503,1156223872,USD,0.007829999999999976,-0.002380000000000021,0.24107428571428574,0.238725,0.24110714285714285,0.006623941065414711,0.007979121595050279
127,2020-10-06,0.25051,0.25916,0.24074,0.24567,1411633280,USD,0.018419999999999992,0.004840000000000011,0.24149285714285718,0.23963357142857142,0.24121952380952383,0.006835924015292245,0.008028167584320284
128,2020-10-07,0.24562,0.2514,0.24097,0.24872,1147161984,USD,0.010430000000000023,-0.0030999999999999917,0.24249,0.24158142857142859,0.2413138095238095,0.007366473602296105,0.00810747893996222
129,2020-10-08,0.24862,0.25289,0.24208,0.25113,975374144,USD,0.010810000000000014,-0.0025100000000000122,0.24432857142857142,0.2428957142857143,0.24126809523809523,0.007731794592398294,0.00804615350279265
130,2020-10-09,0.25117,0.25662,0.24957,0.25291,1247906176,USD,0.0070500000000000285,-0.0017400000000000193,0.2470442857142857,0.24370714285714287,0.24137761904761904,0.006732309799622037,0.008193969065577759
131,2020-10-10,0.25299,0.2601,0.25288,0.25392,1239508352,USD,0.007220000000000004,-0.0009299999999999864,0.2500714285714286,0.24458928571428573,0.24151142857142854,0.002891812745039401,0.008381642610918756
132,2020-10-11,0.25391,0.25848,0.25327,0.25537,1128890752,USD,0.005209999999999992,-0.0014599999999999613,0.25114571428571425,0.245445,0.24193809523809526,0.0032973972419803707,0.008857989963332657
133,2020-10-12,0.2554,0.25819,0.24918,0.25606,1393557120,USD,0.009009999999999962,-0.0006599999999999939,0.25196857142857143,0.24652142857142856,0.24313952380952383,0.0037401489657104977,0.008986117335197113
134,2020-10-13,0.25596,0.25997,0.25277,0.25656,1290532352,USD,0.007199999999999984,-0.0005999999999999894,0.25352428571428576,0.2475085714285714,0.2442638095238095,0.0028401810807445376,0.009123443689853602
135,2020-10-14,0.25654,0.25831,0.24613,0.24912,1065576768,USD,0.012179999999999996,0.007419999999999982,0.25358142857142857,0.24803571428571428,0.24558142857142856,0.0027292699180742276,0.007521298615077516
136,2020-10-15,0.24912,0.25002,0.24307,0.24585,1131506560,USD,0.006950000000000012,0.003269999999999995,0.25282714285714286,0.24857785714285716,0.24620619047619047,0.0039681301821951264,0.006921396879382697
137,2020-10-16,0.24588,0.24784,0.23772,0.2402,1152488960,USD,0.010120000000000018,0.005679999999999991,0.25101142857142855,0.24902785714285716,0.24614190476190478,0.006202640374795142,0.006972883635232986
138,2020-10-17,0.24022,0.24316,0.23869,0.24059,1113618944,USD,0.004469999999999974,-0.0003700000000000092,0.24910714285714283,0.2495892857142857,0.2460952380952381,0.007136744622691462,0.007008201352023215
139,2020-10-18,0.24057,0.2434,0.24007,0.24233,1122819456,USD,0.0033299999999999996,-0.0017599999999999838,0.24724428571428572,0.249195,0.24604476190476193,0.006928364061697453,0.0070324352958630225
140,2020-10-19,0.24216,0.24942,0.24013,0.24558,1077436032,USD,0.009289999999999993,-0.0034200000000000064,0.2457471428571429,0.24885785714285716,0.24626333333333336,0.005735508446759517,0.0069381736309606055
141,2020-10-20,0.24564,0.25021,0.24155,0.24324,1043819648,USD,0.008660000000000001,0.0023999999999999855,0.2438442857142857,0.24868428571428572,0.24628714285714287,0.0031989105288240953,0.006926325968982052
142,2020-10-21,0.24324,0.25555,0.24261,0.25102,1123786496,USD,0.012940000000000007,-0.007780000000000009,0.24411571428571427,0.24884857142857145,0.24672904761904763,0.00375366868162623,0.006917739446354034
143,2020-10-22,0.25105,0.26354,0.25083,0.25718,1098925696,USD,0.012709999999999999,-0.006130000000000024,0.2457342857142857,0.2492807142857143,0.24763000000000002,0.006243257315276585,0.0069912588279953695
144,2020-10-23,0.25701,0.25917,0.25022,0.25471,765490432,USD,0.008950000000000014,0.0023000000000000242,0.24780714285714286,0.24940928571428572,0.2486209523809524,0.006502916561783328,0.006397443946424368
145,2020-10-24,0.25471,0.2576,0.25256,0.25611,726897664,USD,0.005039999999999989,-0.0014000000000000123,0.2500242857142857,0.2495657142857143,0.24973428571428571,0.006273858082399272,0.00545930176069321
146,2020-10-25,0.25611,0.25708,0.25122,0.25319,804280064,USD,0.005859999999999976,0.002919999999999978,0.2515757142857143,0.24941,0.24998857142857145,0.005325081711869415,0.005491416288824317
147,2020-10-26,0.25311,0.25904,0.24363,0.24818,1002058624,USD,0.01540999999999998,0.00492999999999999,0.25194714285714287,0.24884714285714285,0.24988761904761908,0.004911814716529369,0.005504875025615137
148,2020-10-27,0.24815,0.25396,0.24765,0.25265,897909504,USD,0.00631000000000001,-0.004499999999999976,0.25329142857142856,0.24856785714285715,0.25022,0.0030764017323876534,0.0054479142797975505
149,2020-10-28,0.25268,0.25667,0.24431,0.24549,990699200,USD,0.01236000000000001,0.007190000000000002,0.2525014285714286,0.24830857142857146,0.25006619047619044,0.004244990885624855,0.005537244329260438
150,2020-10-29,0.24552,0.24702,0.23962,0.24247,982829696,USD,0.00739999999999999,0.003049999999999997,0.2504,0.24806714285714285,0.24965380952380953,0.005098172875320929,0.005771571255899649
151,2020-10-30,0.24248,0.24389,0.23138,0.23897,972348032,USD,0.012509999999999993,0.003510000000000013,0.24815142857142858,0.24797928571428574,0.24899,0.006226616064849352,0.0061664746816980105
152,2020-10-31,0.23914,0.24347,0.23745,0.23972,872343296,USD,0.006019999999999998,-0.0005799999999999972,0.24581,0.24791714285714286,0.24831380952380955,0.005802278288166357,0.00637390890756431
153,2020-11-01,0.23971,0.24132,0.23656,0.23989,861216896,USD,0.004760000000000014,-0.00017999999999998573,0.24391000000000002,0.24774285714285713,0.24757666666666667,0.005120393865058368,0.006412074807217755
154,2020-11-02,0.2399,0.24455,0.2329,0.23526,1083449728,USD,0.011649999999999994,0.004640000000000005,0.24206428571428568,0.2470057142857143,0.24658619047619046,0.005628107607188222,0.006638619944079376
155,2020-11-03,0.23528,0.24405,0.22803,0.23954,1028717376,USD,0.01601999999999998,-0.004260000000000014,0.24019142857142856,0.24674142857142858,0.2457757142857143,0.0031574009806130707,0.006394541087076519
156,2020-11-04,0.23945,0.24039,0.23263,0.2375,1017225728,USD,0.007759999999999989,0.0019500000000000073,0.23904999999999998,0.24577571428571426,0.24522238095238094,0.002230993799482452,0.006590434663028175
157,2020-11-05,0.23743,0.24722,0.23711,0.2455,978751936,USD,0.010110000000000008,-0.008069999999999994,0.23948285714285714,0.2449414285714286,0.24520571428571425,0.0031213923938182018,0.006589210553192997
158,2020-11-06,0.24567,0.26135,0.24512,0.25848,1069506112,USD,0.016230000000000022,-0.012809999999999988,0.24226999999999999,0.24521071428571428,0.24607619047619048,0.0077964714240905935,0.007083752872731279
159,2020-11-07,0.25861,0.26725,0.24488,0.24897,976548416,USD,0.02237,0.00964000000000001,0.2435914285714286,0.2447007142857143,0.2464752380952381,0.00807128744082225,0.00699472273864375
160,2020-11-08,0.24898,0.25693,0.24737,0.2538,843460352,USD,0.009559999999999985,-0.004820000000000019,0.24557857142857142,0.24474428571428572,0.2470214285714286,0.00869623755534777,0.007101856296572495
161,2020-11-09,0.25366,0.25613,0.24562,0.25043,1002566848,USD,0.01051000000000002,0.0032300000000000106,0.24774571428571426,0.244905,0.24725238095238092,0.007504833680463619,0.007131436674867308
162,2020-11-10,0.25054,0.26464,0.24807,0.25374,1068537792,USD,0.016569999999999974,-0.003200000000000036,0.24977428571428573,0.24498285714285714,0.24775238095238095,0.006803518347498874,0.007203776027032095
163,2020-11-11,0.25376,0.2599,0.25228,0.25569,834925184,USD,0.007620000000000016,-0.0019299999999999873,0.2523728571428571,0.24571142857142858,0.2479747619047619,0.004374104534208281,0.007379626426215581
164,2020-11-12,0.2558,0.25814,0.25237,0.25486,738890816,USD,0.005769999999999997,0.0009400000000000519,0.25371,0.24659642857142858,0.2478642857142857,0.003194547437951707,0.007251177539841986
165,2020-11-13,0.25489,0.2656,0.25374,0.26548,942551168,USD,0.011859999999999982,-0.010589999999999988,0.25471,0.24848999999999996,0.24837714285714285,0.005323075552096124,0.008091716840608944
166,2020-11-14,0.26557,0.2771,0.26154,0.26808,1052204864,USD,0.015560000000000018,-0.0025100000000000122,0.25744,0.2505157142857143,0.24894714285714287,0.006628848567686721,0.00903078132990685
167,2020-11-15,0.26813,0.27666,0.26412,0.26941,885335616,USD,0.012539999999999996,-0.0012800000000000034,0.25966999999999996,0.2526242857142857,0.2497195238095238,0.007733808893422957,0.010048131406481862
168,2020-11-16,0.26949,0.28985,0.26748,0.28778,1074656000,USD,0.02237,-0.018289999999999973,0.2650057142857143,0.25637571428571426,0.25160523809523805,0.012002613405896824,0.013020856968360334
169,2020-11-17,0.28792,0.30487,0.28731,0.30226,1466065920,USD,0.017559999999999965,-0.014339999999999964,0.2719371428571428,0.2608557142857143,0.25396761904761905,0.01726764287551063,0.017085768904197426
170,2020-11-18,0.30226,0.30782,0.28225,0.29326,1352208640,USD,0.02556999999999998,0.008999999999999952,0.27730428571428567,0.2648385714285714,0.25624238095238094,0.01721472224303203,0.01897607148615432
171,2020-11-19,0.29319,0.30705,0.28399,0.30374,1183211136,USD,0.02305999999999997,-0.010550000000000004,0.28428714285714285,0.2689985714285714,0.25916000000000006,0.01649170974993698,0.021318312081401263
172,2020-11-20,0.30358,0.3305,0.29717,0.32995,1453877504,USD,0.033330000000000026,-0.026370000000000005,0.29349714285714285,0.27410357142857145,0.2634923809523809,0.021484405751059588,0.025786466005399748
173,2020-11-21,0.3299,0.46804,0.32951,0.46343,3307814912,USD,0.13853,-0.13352999999999998,0.32140428571428575,0.2894221428571429,0.2741452380952381,0.06525458166727749,0.05016254146462767
174,2020-11-22,0.46288,0.49544,0.41077,0.44604,3837677568,USD,0.08466999999999997,0.01684000000000002,0.34663714285714287,0.30315357142857147,0.2839619047619048,0.07519168675553703,0.061917805728162606
175,2020-11-23,0.44605,0.6189,0.43287,0.6151,3489585408,USD,0.18603000000000003,-0.16904999999999998,0.39339714285714283,0.32920142857142853,0.3020495238095238,0.12057183041853561,0.09409741088235056
176,2020-11-24,0.61546,0.77883,0.57752,0.69224,5301448704,USD,0.20131,-0.07677999999999996,0.44910857142857147,0.36052285714285714,0.3236066666666667,0.1562584020598112,0.12563214223809654
177,2020-11-25,0.6923,0.72288,0.58702,0.63224,3196704768,USD,0.13585999999999998,0.06006,0.49753428571428576,0.3874192857142857,0.3424038095238095,0.15238827796751508,0.14072826572782698
178,2020-11-26,0.63206,0.65095,0.4593,0.53593,4587388416,USD,0.19165000000000004,0.09612999999999994,0.5307042857142857,0.40749571428571424,0.35623380952380956,0.12619388982265067,0.14493693226628565
179,2020-11-27,0.53659,0.58549,0.50451,0.5612,2477545728,USD,0.08097999999999994,-0.02461000000000002,0.56374,0.4286185714285714,0.3706490476190476,0.08994218828410389,0.14970401427165397
180,2020-11-28,0.56135,0.64838,0.54032,0.62597,2499659264,USD,0.10805999999999993,-0.06462000000000001,0.58696,0.45418214285714287,0.38860142857142854,0.0801809218787935,0.15681849193528516
181,2020-11-29,0.62578,0.63606,0.58501,0.60534,1767032832,USD,0.05104999999999993,0.020440000000000014,0.6097171428571428,0.4781771428571428,0.4053414285714285,0.050708392702550106,0.160430700281639
182,2020-11-30,0.60533,0.67687,0.59974,0.66386,2265452288,USD,0.07712999999999992,-0.05852999999999997,0.6166828571428571,0.50504,0.4250285714285714,0.05475836639707246,0.16574909312830968
183,2020-12-01,0.66388,0.67952,0.58734,0.61084,2036343552,USD,0.09218000000000004,0.053039999999999976,0.6050542857142858,0.5270814285714286,0.44203333333333333,0.04353076224814599,0.16561535998612345
184,2020-12-02,0.61132,0.63644,0.59552,0.63065,1201753344,USD,0.040919999999999956,-0.01933000000000007,0.6048271428571429,0.5511807142857144,0.4598885714285714,0.043369113323609015,0.16473104720378928
185,2020-12-03,0.6305,0.64141,0.61515,0.63032,897532800,USD,0.02626000000000006,0.00017999999999995797,0.6183114285714285,0.5745078571428571,0.47776761904761905,0.03139948960761774,0.16171327214872475
186,2020-12-04,0.63027,0.63388,0.544,0.55351,1315304192,USD,0.08987999999999996,0.07676000000000005,0.6172128571428572,0.5904764285714286,0.4914833333333333,0.03377531036831549,0.15487801420257563
187,2020-12-05,0.55359,0.59567,0.54901,0.58532,987018176,USD,0.046660000000000035,-0.031729999999999925,0.6114057142857143,0.5991828571428571,0.50659,0.03547072965001728,0.14728336929198718
188,2020-12-06,0.58546,0.62717,0.58032,0.62135,1291159808,USD,0.04685000000000006,-0.03588999999999998,0.6136928571428572,0.6117049999999999,0.5233490476190475,0.035530537904869604,0.13872006765081787
189,2020-12-07,0.62158,0.62318,0.59144,0.60808,898962176,USD,0.03173999999999999,0.013500000000000068,0.6057242857142857,0.6112035714285715,0.5386014285714286,0.027823221031564344,0.12877623302790386
190,2020-12-08,0.60813,0.61018,0.55189,0.55898,1182839040,USD,0.05828999999999995,0.049149999999999916,0.5983157142857143,0.601685,0.5508261904761905,0.03270942517437374,0.11685162350075307
191,2020-12-09,0.55916,0.60371,0.50412,0.58285,1823590784,USD,0.09958999999999996,-0.02368999999999999,0.5914871428571429,0.5981571428571428,0.5646161904761906,0.029683653028943716,0.10094002528611598
192,2020-12-10,0.58285,0.5879,0.55403,0.57136,1150400128,USD,0.033869999999999956,0.01149,0.5830642857142856,0.6006878571428571,0.57736,0.02478983316949301,0.08134997480024082
193,2020-12-11,0.57185,0.58519,0.52768,0.54787,1685436160,USD,0.05750999999999995,0.02398,0.5822585714285714,0.5997357142857143,0.5877371428571427,0.025973873686564,0.05905630069203776
194,2020-12-12,0.54666,0.54739,0.48577,0.50589,2151266304,USD,0.061620000000000064,0.040770000000000084,0.5709114285714285,0.5911585714285714,0.5897590476190476,0.03866379763575897,0.055187757691787284
195,2020-12-13,0.50589,0.52755,0.48652,0.51416,1275094528,USD,0.041029999999999955,-0.00827,0.5555985714285715,0.5846457142857143,0.5930028571428572,0.03652539182019721,0.04782930849832952
196,2020-12-14,0.51392,0.5181,0.48986,0.49747,869688000,USD,0.028239999999999987,0.01645000000000002,0.5397971428571429,0.5727607142857144,0.5874014285714286,0.033866059565235494,0.0518325197425029
197,2020-12-15,0.49735,0.50706,0.46489,0.46783,1263299328,USD,0.04216999999999993,0.02951999999999999,0.5267757142857142,0.5625457142857143,0.5767152380952381,0.04184464197367034,0.052268687817758515
198,2020-12-16,0.46777,0.57337,0.43985,0.5712,2502959360,USD,0.13352000000000003,-0.10343000000000002,0.5251114285714286,0.5582992857142857,0.5738085714285714,0.039403145148819554,0.05070025160546017
199,2020-12-17,0.57087,0.65864,0.54263,0.5779,3450251520,USD,0.11601000000000006,-0.007029999999999981,0.5260457142857142,0.5545549999999999,0.5758071428571429,0.040737451588245634,0.04995417091123016
200,2020-12-18,0.57794,0.61238,0.5516,0.58348,1962898816,USD,0.060780000000000056,-0.005539999999999989,0.5311328571428572,0.5566957142857143,0.5768680952380952,0.04582300067079943,0.04986494255677327
201,2020-12-19,0.58344,0.60299,0.56653,0.57659,1495304064,USD,0.03646000000000005,0.006849999999999912,0.5412328571428572,0.5560721428571428,0.5745166666666667,0.04710549214769,0.04858148652864748
202,2020-12-20,0.57665,0.58642,0.534,0.55634,1231328000,USD,0.05242000000000002,0.02031000000000005,0.5472585714285714,0.5514285714285715,0.5721833333333334,0.04574327980828375,0.048202280374824165
203,2020-12-21,0.55604,0.56909,0.50019,0.51448,1565172864,USD,0.06889999999999996,0.04155999999999993,0.5496885714285714,0.5447428571428572,0.5650700000000001,0.04302883623361128,0.04490638618281182
204,2020-12-22,0.51439,0.5215,0.40335,0.44732,2960553984,USD,0.11814999999999998,0.06707000000000002,0.5467585714285714,0.5367671428571429,0.5572833333333334,0.049711314751126896,0.050412579911498
205,2020-12-23,0.44685,0.44785,0.21523,0.26041,8376465408,USD,0.23262000000000002,0.18644000000000005,0.50236,0.5137357142857143,0.5396528571428572,0.11720834569261648,0.07970325119735346
206,2020-12-24,0.2604,0.37492,0.24245,0.33782,6509853184,USD,0.13246999999999998,-0.07741999999999999,0.46806285714285717,0.4970542857142857,0.5257242857142856,0.12620079222074138,0.08817426759386295
207,2020-12-25,0.33781,0.38265,0.28206,0.3182,5995812352,USD,0.10059000000000001,0.019610000000000016,0.4301657142857143,0.4806492857142857,0.5145190476190477,0.12559474827889092,0.09878046567539299
208,2020-12-26,0.31803,0.32559,0.28462,0.29461,3004681216,USD,0.040970000000000006,0.023419999999999996,0.38988285714285714,0.4655578571428572,0.5006757142857143,0.11562912330871805,0.10827613470065402
209,2020-12-27,0.29463,0.30993,0.26792,0.28388,2806205952,USD,0.04200999999999999,0.010749999999999982,0.35096,0.4491092857142857,0.48460571428571436,0.09411364460055655,0.11434364488555622
210,2020-12-28,0.28394,0.3082,0.23734,0.24929,2760758272,USD,0.07085999999999998,0.034650000000000014,0.3130757142857143,0.4313821428571429,0.4675204761904762,0.06670299015215103,0.12154977500909585
211,2020-12-29,0.24923,0.24996,0.17428,0.22151,7623260672,USD,0.07568,0.027719999999999995,0.2808171428571429,0.41378785714285715,0.4514504761904761,0.04036123788747549,0.13080904462139395
212,2020-12-30,0.22152,0.23525,0.19217,0.21131,4721951232,USD,0.04307999999999998,0.010209999999999997,0.2738028571428571,0.3880814285714286,0.4337580952380953,0.04803569357407802,0.13712190002399477
213,2020-12-31,0.2113,0.2285,0.20543,0.21925,2807649024,USD,0.023070000000000007,-0.007950000000000013,0.2568642857142857,0.36246357142857144,0.41699095238095235,0.04225711058789941,0.14092974657270754
214,2021-01-01,0.21928,0.24997,0.21643,0.2372,2982321408,USD,0.033539999999999986,-0.01791999999999999,0.24529285714285715,0.3377292857142857,0.40219714285714286,0.032663202901880135,0.14279764319283614
215,2021-01-02,0.23727,0.23806,0.2114,0.22097,2476713984,USD,0.02665999999999999,0.01630000000000001,0.23477285714285712,0.3123278571428571,0.3886295238095238,0.025119835929852844,0.14595354067223545
216,2021-01-03,0.22087,0.23783,0.21542,0.22479,2491448832,USD,0.022410000000000013,-0.003919999999999979,0.22633142857142857,0.2886457142857143,0.37484999999999996,0.012750025396794986,0.14716433484373853
217,2021-01-04,0.22495,0.25988,0.21767,0.23575,3141624320,USD,0.04221,-0.010799999999999976,0.22439714285714288,0.2687364285714286,0.36238714285714285,0.009226791992673301,0.147342830777166
218,2021-01-05,0.2357,0.24183,0.21821,0.22544,2456033792,USD,0.023620000000000002,0.010259999999999991,0.2249585714285714,0.2528878571428571,0.35084476190476194,0.00914100364396149,0.14816152701086233
219,2021-01-06,0.22547,0.27192,0.22162,0.24871,3530266112,USD,0.050299999999999984,-0.023239999999999983,0.23030142857142857,0.25205214285714284,0.33548809523809525,0.01064089349094253,0.14070527156503587
220,2021-01-07,0.24868,0.36878,0.2457,0.32348,7312687104,USD,0.12308,-0.07479999999999998,0.24519142857142856,0.25102785714285714,0.32337285714285713,0.035794550529639486,0.1292783378661274
221,2021-01-08,0.32355,0.34591,0.28574,0.3208,3826379008,USD,0.06017,0.00275000000000003,0.2571342857142857,0.2512135714285714,0.3108642857142857,0.0453539218653833,0.11474382665622722
222,2021-01-09,0.32072,0.33904,0.30626,0.32432,2378149376,USD,0.03278000000000003,-0.003599999999999992,0.27189857142857143,0.2533357142857143,0.29885142857142855,0.04834260558022889,0.09743288270834023
223,2021-01-10,0.32433,0.36658,0.28928,0.31521,3308580864,USD,0.07730000000000004,0.009120000000000017,0.2848157142857143,0.2555735714285714,0.28736904761904764,0.045663149569114145,0.0778016145658152
224,2021-01-11,0.31501,0.31567,0.25579,0.28754,3786924800,USD,0.05987999999999999,0.027469999999999994,0.29221428571428565,0.25830571428571425,0.27656238095238095,0.04026484151098352,0.05789214289562681
225,2021-01-12,0.2875,0.30897,0.27787,0.29246,2380252416,USD,0.031100000000000017,-0.00496000000000002,0.3017885714285714,0.26337357142857143,0.2691880952380952,0.027770281734597262,0.04300150702231883
226,2021-01-13,0.29256,0.30989,0.28544,0.30575,1254182272,USD,0.024449999999999972,-0.013190000000000035,0.30993714285714286,0.27011928571428573,0.27134714285714284,0.015059299136282777,0.04367174076480842
227,2021-01-14,0.30572,0.30864,0.28358,0.2966,1480599680,USD,0.025060000000000027,0.009120000000000017,0.30609714285714285,0.2756442857142857,0.26938428571428574,0.014444988420765461,0.041402038545394655
228,2021-01-15,0.2966,0.30301,0.26257,0.28037,1402128128,USD,0.040439999999999976,0.016229999999999967,0.3003214285714286,0.27872785714285714,0.2675828571428571,0.015621277613741252,0.03997007619993527
229,2021-01-16,0.28022,0.29628,0.27543,0.27951,1176438400,USD,0.02084999999999998,0.0007100000000000439,0.29391999999999996,0.2829092857142857,0.2668638095238095,0.013130638471396885,0.03959360585703158
230,2021-01-17,0.27923,0.28538,0.26876,0.27742,900716672,USD,0.016620000000000024,0.0018099999999999783,0.28852142857142854,0.2866685714285714,0.2665561904761905,0.010403972684456189,0.03947972118394411
231,2021-01-18,0.27742,0.28863,0.27171,0.28539,904129280,USD,0.01691999999999999,-0.007969999999999977,0.2882142857142857,0.2902142857142857,0.26827523809523807,0.010469305703083891,0.03947625939967636
232,2021-01-19,0.28539,0.32793,0.28409,0.29455,2073966208,USD,0.04383999999999999,-0.009160000000000001,0.2885128571428571,0.29515071428571427,0.2717533333333333,0.010638995432341659,0.03835155581372665
233,2021-01-20,0.29453,0.31044,0.28041,0.29531,1501615744,USD,0.03003,-0.0007800000000000029,0.2870214285714286,0.29847928571428567,0.2757533333333333,0.00829297780970407,0.03604327722798508
234,2021-01-21,0.29531,0.3072,0.26051,0.2681,1633862528,USD,0.046689999999999954,0.027210000000000012,0.28295,0.29452357142857144,0.27807952380952383,0.009685699079908,0.03371547797024324
235,2021-01-22,0.2681,0.27818,0.24165,0.27261,1488768256,USD,0.03652999999999998,-0.004510000000000014,0.2818414285714285,0.2910814285714286,0.2797657142857143,0.010444562267143848,0.03242972503297457
236,2021-01-23,0.27246,0.28303,0.26572,0.27166,798564096,USD,0.017309999999999992,0.0007999999999999674,0.28071999999999997,0.28731999999999996,0.2821795238095238,0.011135199444398421,0.02959742547523271
237,2021-01-24,0.27163,0.27781,0.26863,0.2732,645083392,USD,0.009180000000000021,-0.0015700000000000158,0.28011714285714284,0.2843192857142857,0.2844847619047619,0.011453328066958883,0.02664172453484429
238,2021-01-25,0.2732,0.2839,0.26709,0.26758,837930880,USD,0.01680999999999999,0.005620000000000014,0.2775728571428571,0.2828935714285714,0.2860004761904762,0.012049450491317922,0.024554101994614906
239,2021-01-26,0.26758,0.27082,0.25809,0.26841,636908992,USD,0.012730000000000019,-0.0008299999999999974,0.27383857142857143,0.28117571428571425,0.2880466666666667,0.009740430224186511,0.020750912349421623
240,2021-01-27,0.26841,0.26861,0.24441,0.25073,773601920,USD,0.024200000000000027,0.017679999999999974,0.26747,0.27724571428571426,0.28814285714285715,0.007727966528559267,0.020563284305494995
241,2021-01-28,0.25073,0.26998,0.24728,0.26415,765960384,USD,0.022699999999999998,-0.013419999999999987,0.2669057142857143,0.27492785714285717,0.28531761904761904,0.007817985369515668,0.01951447588452394
242,2021-01-29,0.26414,0.31664,0.26038,0.28278,3048026112,USD,0.05625999999999998,-0.01863999999999999,0.2683585714285714,0.2751,0.28350714285714285,0.009758789932786059,0.017741055814934466
243,2021-01-30,0.28278,0.50882,0.27879,0.44304,9311076352,USD,0.23003000000000007,-0.16026,0.2928414285714286,0.2867807142857143,0.28916047619047613,0.06693060322168709,0.03834630405608798
244,2021-01-31,0.44329,0.50775,0.39005,0.49493,6964787200,USD,0.11770000000000003,-0.051639999999999964,0.32451714285714284,0.3023171428571429,0.29771857142857144,0.10025698873632725,0.05896322542786463
245,2021-02-01,0.49493,0.75358,0.36151,0.37163,13389353984,USD,0.39207000000000003,0.12329999999999997,0.3393814285714285,0.3084771428571429,0.3017228571428572,0.09809853624945468,0.06105563636085212
246,2021-02-02,0.37163,0.41071,0.34132,0.3723,3526702848,USD,0.06939000000000001,-0.0006700000000000039,0.3542228571428571,0.3140307142857143,0.3055247619047619,0.09331376242089222,0.0629077114207035
247,2021-02-03,0.3723,0.41699,0.3723,0.39726,2252051456,USD,0.04469000000000001,-0.024959999999999982,0.3751557142857143,0.3213128571428571,0.30988238095238096,0.08197446977710776,0.06601671779971835
248,2021-02-04,0.39726,0.47971,0.38069,0.44427,3587322880,USD,0.09902000000000005,-0.047009999999999996,0.4008871428571429,0.3338964285714286,0.3169142857142857,0.06848193574811813,0.0721142668666493
249,2021-02-05,0.44454,0.47078,0.42631,0.45182,2407479552,USD,0.044469999999999954,-0.007280000000000009,0.4250357142857143,0.3466971428571428,0.32507857142857144,0.0460098492561243,0.07728960145360542
250,2021-02-06,0.45182,0.45593,0.42685,0.44274,1313342976,USD,0.029079999999999995,0.009079999999999977,0.42499285714285717,0.3589171428571429,0.3328514285714286,0.04599041918859526,0.0806140817280527
251,2021-02-07,0.44275,0.45029,0.39789,0.41842,1754998400,USD,0.0524,0.024329999999999963,0.4140628571428571,0.36928999999999995,0.33956571428571425,0.03417225029868598,0.08163186458555445
252,2021-02-08,0.41842,0.46672,0.4128,0.45084,1820425856,USD,0.05392000000000002,-0.032420000000000004,0.42537857142857144,0.38238,0.3474442857142857,0.03071956294641742,0.08408884447841042
253,2021-02-09,0.45084,0.48937,0.44989,0.47643,1992299264,USD,0.039480000000000015,-0.02559,0.44025428571428576,0.3972385714285714,0.3561052380952381,0.02550181291407762,0.08765926372147144
254,2021-02-10,0.47644,0.53982,0.45342,0.50472,3357795584,USD,0.08639999999999998,-0.028279999999999972,0.4556057142857143,0.41538071428571427,0.3660771428571429,0.027567220786735354,0.09219137709910058
255,2021-02-11,0.50472,0.53505,0.5015,0.52817,1528052736,USD,0.03355000000000008,-0.023450000000000082,0.4675914285714286,0.4342392857142857,0.37846142857142856,0.03805957103829336,0.09577024403674207
256,2021-02-12,0.52817,0.61897,0.51961,0.60892,2582696960,USD,0.09936,-0.08074999999999999,0.4900342857142857,0.457535,0.3944761904761904,0.0644081257443858,0.1048712297284717
257,2021-02-13,0.60892,0.64209,0.54769,0.63303,2481556736,USD,0.09440000000000004,-0.024109999999999965,0.5172185714285714,0.4711057142857143,0.4116842857142858,0.07950740750155857,0.11304094623504465
258,2021-02-14,0.63352,0.63792,0.5652,0.59252,1594535680,USD,0.07272,0.040999999999999925,0.5420900000000001,0.4780764285714286,0.42688999999999994,0.07012797682332762,0.11494200276661254
259,2021-02-15,0.59245,0.60394,0.51117,0.54939,2034007552,USD,0.09277000000000002,0.04305999999999999,0.5561685714285715,0.4907735714285715,0.44030952380952376,0.0575135970672926,0.11182086073162674
260,2021-02-16,0.54939,0.57897,0.48621,0.51956,1780567296,USD,0.09276000000000001,0.029830000000000023,0.56233,0.501292142857143,0.4522690476190476,0.04926643279150459,0.10578413283213871
261,2021-02-17,0.51987,0.55588,0.49378,0.53396,1413482496,USD,0.062100000000000044,-0.014089999999999936,0.5665071428571429,0.5110564285714286,0.46575619047619055,0.04458492559684301,0.09644716576842394
262,2021-02-18,0.53435,0.55951,0.52141,0.53061,1119452800,USD,0.03809999999999991,0.0037399999999999656,0.5668557142857144,0.5172235714285714,0.47844476190476193,0.044243476678164265,0.08550470148588561
263,2021-02-19,0.53193,0.57905,0.51489,0.56325,1602963328,USD,0.06416,-0.031320000000000014,0.5603314285714286,0.5251828571428572,0.4918004761904762,0.04018819122933443,0.07462654745304667
264,2021-02-20,0.56483,0.58113,0.4752,0.512,1896244864,USD,0.10593000000000002,0.052830000000000044,0.5430414285714286,0.53013,0.4950842857142857,0.02783517045547876,0.07388721706570228
265,2021-02-21,0.512,0.55726,0.50521,0.54393,1483587200,USD,0.05204999999999993,-0.031930000000000014,0.5361,0.539095,0.49741761904761905,0.017626480079693863,0.07465184645437471
266,2021-02-22,0.54393,0.64615,0.51627,0.56581,5425606656,USD,0.12988,-0.02188000000000001,0.5384457142857143,0.5473071428571429,0.5066642857142858,0.02054142226262029,0.07018455617665613
267,2021-02-23,0.56581,0.5706,0.3672,0.4749,4219387648,USD,0.20339999999999997,0.09091000000000005,0.5320657142857143,0.5471978571428572,0.5115500000000001,0.03143288344878031,0.06362836348673374
268,2021-02-24,0.47613,0.49934,0.45168,0.46923,1555545984,USD,0.04765999999999998,0.006900000000000017,0.5228185714285715,0.5446628571428572,0.5149771428571428,0.03931566287904726,0.058929406762909815
269,2021-02-25,0.46849,0.48146,0.42599,0.43561,1083156608,USD,0.05547000000000002,0.03288000000000002,0.5092471428571429,0.5380514285714286,0.514564761904762,0.0508751264418678,0.05947670624866836
270,2021-02-26,0.43592,0.45033,0.413,0.42783,1419848064,USD,0.03733000000000003,0.008089999999999986,0.48990142857142854,0.5251164285714286,0.5134223809523809,0.052634457797329795,0.06095415481365918
271,2021-02-27,0.42784,0.45794,0.42778,0.43574,896320960,USD,0.03016000000000002,-0.007900000000000018,0.4790071428571428,0.5110242857142857,0.5130890476190476,0.05513110456426602,0.06137768315151306
272,2021-02-28,0.43578,0.43789,0.3934,0.41528,1052135168,USD,0.044489999999999974,0.020500000000000018,0.46062857142857144,0.4983642857142857,0.5129395238095238,0.05118333108495599,0.061623174007525906
273,2021-03-01,0.41566,0.45262,0.41226,0.44551,927260800,USD,0.04036000000000001,-0.029850000000000043,0.44344285714285714,0.4909442857142857,0.5126857142857143,0.02166563001182661,0.06190207933271868
274,2021-03-02,0.44546,0.45414,0.42297,0.43582,920488256,USD,0.031169999999999976,0.009640000000000037,0.43786,0.48496285714285714,0.5107519047619048,0.016667209324494132,0.06369955954471263
275,2021-03-03,0.43582,0.46723,0.4314,0.44844,917028288,USD,0.03582999999999997,-0.01262000000000002,0.43488999999999994,0.47885428571428573,0.5080719047619047,0.01105206164778788,0.06513379956819955
276,2021-03-04,0.44844,0.4938,0.43623,0.48088,1831149952,USD,0.05757000000000001,-0.03243999999999997,0.44135714285714284,0.47530214285714284,0.50582,0.02063444750433996,0.06522162624467377
277,2021-03-05,0.48091,0.48278,0.44664,0.45501,1168359680,USD,0.036140000000000005,0.02589999999999998,0.44524,0.4675707142857143,0.4984909523809524,0.020217827941361684,0.0616040757502906
278,2021-03-06,0.45498,0.47019,0.44991,0.46296,575652736,USD,0.02028000000000002,-0.007979999999999987,0.4491285714285715,0.46406785714285714,0.49039238095238097,0.020698087213207737,0.05370549887160111
279,2021-03-07,0.46296,0.46863,0.45734,0.46532,505070880,USD,0.011289999999999967,-0.0023600000000000287,0.4562771428571429,0.4584528571428571,0.48433523809523815,0.014883922774010147,0.04853540837564271
280,2021-03-08,0.46532,0.48757,0.45533,0.47358,1003577984,USD,0.03223999999999999,-0.00825999999999999,0.46028714285714284,0.451865,0.48072523809523815,0.015275709164422852,0.04621882534412153
281,2021-03-09,0.47403,0.48656,0.47178,0.48499,685952064,USD,0.014780000000000015,-0.01095999999999997,0.46731142857142854,0.45258571428571426,0.4790790476190476,0.01333097699416255,0.04537440742365187
282,2021-03-10,0.48499,0.48804,0.456,0.46158,867452544,USD,0.03203999999999996,0.023409999999999986,0.46918857142857145,0.4520392857142857,0.4756323809523809,0.010941834746462398,0.04371588097073598
283,2021-03-11,0.46158,0.4641,0.44103,0.45155,752185024,USD,0.023070000000000035,0.010029999999999983,0.4649985714285715,0.4531778571428572,0.47186761904761904,0.0113275437593015,0.04211967793143199
284,2021-03-12,0.45189,0.46385,0.42505,0.43941,969062848,USD,0.0388,0.012479999999999991,0.46277,0.454005,0.4659704761904762,0.014663544364619873,0.03704983177778068
285,2021-03-13,0.43938,0.46506,0.43274,0.4577,815652736,USD,0.03231999999999996,-0.018320000000000003,0.4620185714285715,0.4555735714285714,0.4633847619047619,0.01478644359829489,0.03554087796032084
286,2021-03-14,0.45768,0.4615,0.4393,0.4393,609221888,USD,0.022199999999999998,0.018379999999999952,0.4583014285714286,0.45728928571428573,0.45840238095238095,0.01693294365880372,0.03068738664415016
287,2021-03-15,0.43909,0.4481,0.42346,0.43568,805420032,USD,0.024639999999999995,0.0034099999999999686,0.4528871428571429,0.45658714285714286,0.4522057142857142,0.017288919104714494,0.018718776287840914
288,2021-03-16,0.43568,0.51976,0.42752,0.46037,2299800832,USD,0.09223999999999999,-0.02468999999999999,0.44937000000000005,0.45834071428571427,0.45151380952380954,0.01104723193081282,0.018096164366015653
289,2021-03-17,0.46037,0.48159,0.45443,0.47,913271424,USD,0.027160000000000017,-0.009629999999999972,0.45057285714285716,0.45988071428571425,0.45155047619047617,0.012901115861662033,0.018134595246706076
290,2021-03-18,0.46999,0.4903,0.46582,0.46885,837867200,USD,0.024480000000000002,0.0011400000000000299,0.45304428571428573,0.4590214285714286,0.4531333333333333,0.014657058432871174,0.018124336493601147
291,2021-03-19,0.46885,0.47489,0.45977,0.46669,529829888,USD,0.015119999999999967,0.0021599999999999953,0.45694142857142855,0.4598557142857143,0.4549838095238095,0.014041449864082909,0.017380227983598274
292,2021-03-20,0.46655,0.54965,0.46472,0.52446,1848612480,USD,0.08492999999999995,-0.05791000000000002,0.4664785714285714,0.46424857142857145,0.45920857142857147,0.02916749413791933,0.022498047089849555
293,2021-03-21,0.5246,0.54625,0.49578,0.5167,1386487424,USD,0.050470000000000015,0.007899999999999907,0.4775357142857143,0.46791857142857146,0.4640380952380953,0.031707387602438616,0.023461646493594994
294,2021-03-22,0.51653,0.59954,0.5024,0.54414,2712875776,USD,0.09714,-0.027609999999999912,0.49303,0.47295857142857145,0.4687347619047619,0.0342439055404976,0.028826003645847524
295,2021-03-23,0.54408,0.59555,0.53828,0.55045,1774983680,USD,0.05727000000000004,-0.006369999999999987,0.5058985714285714,0.47763428571428573,0.4741933333333333,0.0367583330364546,0.03285350229934807
296,2021-03-24,0.55045,0.56235,0.45393,0.48213,1557698560,USD,0.10842000000000002,0.06831999999999999,0.5076314285714286,0.4791021428571428,0.47579761904761914,0.035029198025155764,0.0323517854074169
297,2021-03-25,0.48011,0.5239,0.46029,0.51085,1555010944,USD,0.06361000000000006,-0.030740000000000045,0.5136314285714285,0.48333785714285715,0.47722476190476193,0.03059582838044397,0.03323614577820975
298,2021-03-26,0.51085,0.5752,0.51046,0.56304,1297745536,USD,0.06474000000000002,-0.05218999999999996,0.5273957142857143,0.49216857142857146,0.4823690476190476,0.027471647722175384,0.037688094924625055
299,2021-03-27,0.56344,0.57414,0.53451,0.54789,738338048,USD,0.03962999999999994,0.015550000000000064,0.5307428571428572,0.4986107142857143,0.4864133333333333,0.028463785010829724,0.039987906213419834
300,2021-03-28,0.54789,0.55989,0.54026,0.54565,531126976,USD,0.019630000000000036,0.0022400000000000198,0.5348785714285714,0.5062071428571429,0.4902385714285714,0.02818514527699999,0.04167578760931901
301,2021-03-29,0.54556,0.57002,0.54371,0.56537,835166400,USD,0.026309999999999945,-0.019809999999999994,0.5379114285714286,0.5154707142857143,0.4946095238095238,0.030402796158998217,0.04455526865323368
302,2021-03-30,0.56537,0.58537,0.55924,0.56225,899983936,USD,0.026129999999999987,0.0031200000000000117,0.5395971428571428,0.5227478571428571,0.4982885714285714,0.03152046674478992,0.04685183820147362
303,2021-03-31,0.56225,0.57594,0.53095,0.56957,1163467008,USD,0.044989999999999974,-0.007319999999999993,0.5520885714285714,0.52986,0.5034309523809524,0.02026856386013253,0.04851808527804386
304,2021-04-01,0.56957,0.59179,0.5507,0.57052,1131849216,USD,0.04109000000000007,-0.0009500000000000064,0.5606128571428571,0.5371221428571429,0.5090961904761905,0.009961105551564903,0.04909959556617364
305,2021-04-02,0.57056,0.60902,0.56574,0.60676,1274578304,USD,0.043279999999999985,-0.03620000000000001,0.5668585714285714,0.5471271428571428,0.5170652380952381,0.02019053774136808,0.050775899856037844
306,2021-04-03,0.60676,0.64142,0.57467,0.57886,1593778560,USD,0.06674999999999998,0.027899999999999925,0.5712828571428571,0.5510128571428572,0.5228347619047619,0.018677769062250257,0.05057626208203192
307,2021-04-04,0.57886,0.63561,0.56884,0.63489,1000316992,USD,0.06677,-0.05602999999999991,0.5840314285714285,0.559455,0.5321485714285714,0.026908168170383016,0.052400285140989815
308,2021-04-05,0.63489,0.93557,0.61963,0.91324,5215818752,USD,0.31594,-0.2783500000000001,0.6337271428571428,0.5858192857142858,0.5548895238095238,0.1258879684103136,0.09486309084550103
309,2021-04-06,0.91333,1.11471,0.81318,1.09057,6430210560,USD,0.3015300000000001,-0.17724000000000006,0.7092014285714286,0.6243992857142857,0.5848990476190475,0.20768907975052275,0.14817013032000567
310,2021-04-07,1.09138,1.10128,0.85966,0.91658,3879456000,USD,0.24162000000000006,0.17480000000000007,0.7587742857142857,0.6554314285714286,0.6061647619047619,0.21020433787604081,0.1622346095510767
311,2021-04-08,0.91658,1.07201,0.90415,1.05784,2030899712,USD,0.1678599999999999,-0.14125999999999994,0.8283914285714286,0.694502142857143,0.6342119047619048,0.21801757623553894,0.18641848901380534
312,2021-04-09,1.05784,1.08335,0.9849,1.01916,1613688448,USD,0.09845000000000004,0.038679999999999826,0.8873057142857144,0.7270821428571429,0.66052,0.2033739935731822,0.20007799416727406
313,2021-04-10,1.01909,1.3953,1.00711,1.37431,4314005504,USD,0.38819000000000004,-0.35521999999999987,1.0009414285714286,0.7861121428571429,0.7009890476190476,0.22353552077381142,0.2507204913226027
314,2021-04-11,1.37428,1.49007,1.3084,1.35498,3150189312,USD,0.18167,0.019299999999999873,1.1038114285714287,0.8439214285714287,0.7409071428571428,0.1902116267414248,0.2843848156309127
315,2021-04-12,1.35479,1.4719,1.3197,1.46773,1778187776,USD,0.1521999999999999,-0.11294000000000004,1.1830242857142856,0.9083757142857143,0.7848876190476191,0.2118487265996774,0.3214365175568066
316,2021-04-13,1.46844,1.88626,1.42122,1.79627,4050690048,USD,0.4650400000000001,-0.32783000000000007,1.2838385714285714,0.9965200000000001,0.8442123809523808,0.30704428765400044,0.3847371859322246
317,2021-04-14,1.79613,1.96332,1.57032,1.83625,3576918528,USD,0.393,-0.040119999999999933,1.41522,1.0869971428571428,0.9086942857142857,0.32018461788995045,0.4316348453794176
318,2021-04-15,1.83563,1.88408,1.65854,1.7578,1844900224,USD,0.22554000000000007,0.07783000000000007,1.5152142857142858,1.1718028571428571,0.9680728571428571,0.2985402622124947,0.4590659605998118
319,2021-04-16,1.7584,1.80402,1.44072,1.54747,2860767232,USD,0.36329999999999996,0.21093000000000006,1.5906871428571427,1.2389964285714286,1.0149504761904762,0.2040650388735821,0.46585044933407677
320,2021-04-17,1.54768,1.73876,1.53308,1.54064,1742649856,USD,0.20568000000000008,0.007039999999999935,1.6144485714285715,1.307695,1.0622242857142856,0.1832978680934927,0.46645502117108095
321,2021-04-18,1.53957,1.56266,1.16193,1.40794,3484306688,USD,0.40073000000000003,0.13163000000000014,1.6220142857142856,1.362912857142857,1.1032857142857142,0.17151764776616577,0.4565560884882749
322,2021-04-19,1.40811,1.53084,1.25649,1.30918,2640334336,USD,0.27434999999999987,0.09892999999999996,1.5993642857142858,1.3911942857142858,1.138705238095238,0.20288761789532275,0.4413367752592
323,2021-04-20,1.30944,1.44517,1.18308,1.38614,2447053568,USD,0.26209000000000016,-0.07669999999999999,1.5407742857142857,1.4123064285714286,1.1779380952380953,0.19563722037290973,0.4238020024211655
324,2021-04-21,1.38614,1.46239,1.28289,1.29046,2001450880,USD,0.1795,0.09567999999999999,1.4628042857142856,1.439012142857143,1.2122661904761904,0.16453957455651336,0.4006223536134261
325,2021-04-22,1.29067,1.41758,1.10427,1.15886,2743077376,USD,0.31331,0.13180999999999998,1.3772414285714285,1.446227857142857,1.2402823809523809,0.13937495547725207,0.37312842340010316
326,2021-04-23,1.15859,1.19593,0.89374,1.17023,4239137536,USD,0.30218999999999996,-0.011640000000000095,1.32335,1.4570185714285715,1.2671142857142859,0.13546108407952542,0.34445131459425915
327,2021-04-24,1.17025,1.17095,1.02325,1.05015,1694238464,USD,0.14769999999999994,0.1201000000000001,1.25328,1.4338642857142856,1.2895566666666667,0.1311188350314333,0.3111058366751295
328,2021-04-25,1.05015,1.15362,0.95088,1.03384,1740086272,USD,0.20274000000000014,0.016309999999999825,1.1998371428571428,1.4109257142857143,1.3085542857142856,0.13378721821288847,0.2797284666702931
329,2021-04-26,1.03384,1.36882,1.01794,1.36699,2940608768,USD,0.35087999999999986,-0.33314999999999984,1.2080957142857145,1.40373,1.3301614285714285,0.1431205248333432,0.2647921268143298
330,2021-04-27,1.36672,1.45828,1.3324,1.40174,2395109888,USD,0.12588,-0.03502000000000005,1.2103242857142857,1.3755492857142857,1.3449790476190475,0.14643797536353614,0.25936519130185254
331,2021-04-28,1.4018,1.44663,1.28765,1.35801,1774871168,USD,0.15898000000000012,0.043789999999999996,1.2199742857142855,1.3413892857142855,1.3659995238095237,0.1545973068822296,0.24008030345024317
332,2021-04-29,1.3579,1.41707,1.32815,1.39814,1370895872,USD,0.08892000000000011,-0.04023999999999983,1.2541571428571427,1.3156992857142857,1.3822042857142858,0.1649397645318124,0.22949153358177118
333,2021-04-30,1.39814,1.63523,1.37604,1.59707,2262984704,USD,0.25919000000000003,-0.19893000000000005,1.3151342857142858,1.3192421428571428,1.4097238095238094,0.2032029913540603,0.21815013104456485
334,2021-05-01,1.59851,1.66456,1.52915,1.65073,1109262208,USD,0.13541000000000003,-0.05221999999999993,1.4009314285714285,1.3271057142857143,1.4228866666666666,0.19942772203052897,0.22416299454488967
335,2021-05-02,1.65073,1.65348,1.53209,1.56112,947882240,USD,0.12139000000000011,0.08960999999999997,1.476257142857143,1.338047142857143,1.432702857142857,0.12234855723359843,0.2255498383981409
336,2021-05-03,1.56112,1.61913,1.52413,1.55474,1052429824,USD,0.09499999999999997,0.006380000000000052,1.5030785714285717,1.3555871428571429,1.4368461904761904,0.11474576527096458,0.22701984980340553
337,2021-05-04,1.55463,1.55703,1.35493,1.39664,2175390464,USD,0.20209999999999995,0.15798999999999985,1.50235,1.356337142857143,1.4178161904761903,0.11551009450837439,0.21161124120604
338,2021-05-05,1.39752,1.62073,1.39752,1.61396,2005902592,USD,0.2232099999999999,-0.21643999999999997,1.538914285714286,1.3794442857142857,1.4072309523809525,0.10191468586635756,0.19450178618472008
339,2021-05-06,1.61386,1.76001,1.54527,1.60294,2368827904,USD,0.21474000000000015,0.01092000000000004,1.5681714285714285,1.4111642857142856,1.3998566666666667,0.08226952542883638,0.18315025100537616
340,2021-05-07,1.60296,1.68963,1.51153,1.58103,1441295744,USD,0.17809999999999993,0.021930000000000005,1.56588,1.4405071428571428,1.401454761904762,0.0815507099907796,0.18464299842179077
341,2021-05-08,1.58091,1.62614,1.54152,1.56237,796719040,USD,0.08461999999999992,0.01854,1.5532571428571431,1.4770942857142857,1.4024895238095239,0.07257243708054567,0.1855208122145892
342,2021-05-09,1.56235,1.59317,1.44818,1.53447,1158983296,USD,0.14498999999999995,0.027879999999999905,1.54945,1.5128535714285714,1.408514761904762,0.07278990726742433,0.18774799603774583
343,2021-05-10,1.53451,1.62613,1.23689,1.39101,1898707328,USD,0.38924000000000003,0.14349999999999996,1.5260599999999998,1.5145692857142858,1.4124114285714287,0.09401757672549081,0.18642778197697918
344,2021-05-11,1.39107,1.48676,1.3587,1.47796,1176492928,USD,0.12806000000000006,-0.08688999999999991,1.537677142857143,1.5200135714285714,1.4167838095238094,0.07922036348361715,0.18685707279833116
345,2021-05-12,1.4781,1.54351,1.24312,1.26829,1646286976,USD,0.30038999999999993,0.20981000000000005,1.488295714285714,1.513605,1.4157280952380953,0.12064816338664933,0.18766734059550533
346,2021-05-13,1.26899,1.38878,1.20537,1.3614,2138992896,USD,0.18340999999999985,-0.09240999999999988,1.45379,1.5109807142857143,1.425372857142857,0.11687641321783815,0.17880121476496594
347,2021-05-14,1.36156,1.4433,1.32248,1.40342,1194094592,USD,0.12081999999999993,-0.041859999999999786,1.4284171428571428,1.4971485714285715,1.4364771428571428,0.10311904281206438,0.16914374508514188
348,2021-05-15,1.4023,1.57989,1.32462,1.48591,2295364352,USD,0.2552700000000001,-0.08360999999999996,1.4174942857142858,1.4853757142857145,1.457227619047619,0.08974790709855912,0.1442818160027328
349,2021-05-16,1.48591,1.60866,1.34889,1.44967,2214220288,USD,0.25977000000000006,0.03624000000000005,1.4053799999999999,1.477415,1.4770290476190477,0.07599647842718435,0.10698384508441634
350,2021-05-17,1.44832,1.56263,1.32635,1.4959,2396550656,USD,0.23628000000000005,-0.047579999999999956,1.4203642857142857,1.473212142857143,1.483167619047619,0.08273296417937011,0.10401131183215785
351,2021-05-18,1.4959,1.69982,1.47421,1.59055,2669823232,USD,0.2256100000000001,-0.0946499999999999,1.4364485714285713,1.4870628571428572,1.4921585714285714,0.10400596255801506,0.10477833665818462
352,2021-05-19,1.59055,1.64286,0.87542,1.0617,5026776064,USD,0.76744,0.5288499999999998,1.4069357142857144,1.4476157142857142,1.4780485714285714,0.16880243233408965,0.1383271132238937
353,2021-05-20,1.06159,1.26452,0.91194,1.17955,3035391744,USD,0.3525800000000001,-0.11796000000000006,1.3809571428571428,1.4173735714285713,1.4676395238095237,0.18968048816490407,0.15217235437082746
354,2021-05-21,1.17959,1.21581,0.8673,1.006,2733788928,USD,0.3485100000000001,0.1735899999999999,1.324182857142857,1.3763,1.4394933333333333,0.23572482825774407,0.1792834266833725
355,2021-05-22,1.00572,1.01342,0.82006,0.90502,2278914048,USD,0.19335999999999998,0.1006999999999999,1.2411985714285714,1.3293464285714285,1.4039833333333334,0.2691759827961732,0.20705211835026535
356,2021-05-23,0.90502,0.96587,0.6507,0.79153,3152631040,USD,0.31517000000000006,0.11349000000000009,1.1471785714285716,1.276279285714286,1.3673361904761907,0.2976567998791321,0.24285957599971422
357,2021-05-24,0.79146,0.99562,0.75667,0.99142,2342375680,USD,0.23895,-0.19995999999999992,1.07511,1.2477371428571427,1.3405114285714286,0.2575184032258664,0.25206123687083715
358,2021-05-25,0.99151,1.0527,0.88075,0.97434,2422105344,USD,0.17194999999999994,0.01717000000000002,0.9870800000000001,1.2117642857142858,1.3204019047619049,0.12119240969081581,0.26392576506697796
359,2021-05-26,0.97436,1.06643,0.9489,1.03167,1679413504,USD,0.11753000000000002,-0.05731000000000008,0.9827900000000002,1.194862857142857,1.2926738095238095,0.1186148501102056,0.2621240311660897
360,2021-05-27,1.03167,1.0403,0.93389,0.9705,1413435392,USD,0.10641,0.06117000000000006,0.9529257142857143,1.1669414285714286,1.262557619047619,0.08125096263165923,0.26102340176514244
361,2021-05-28,0.97062,0.98301,0.84733,0.89918,1742365824,USD,0.13568000000000002,0.07144000000000006,0.9376657142857143,1.1309242857142856,1.2300885714285714,0.07963663559299376,0.26183429319486895
362,2021-05-29,0.89913,0.93847,0.79482,0.83041,1465329152,USD,0.14365000000000006,0.06872,0.9270071428571428,1.0841028571428573,1.1952333333333331,0.08915788611863062,0.2640987802382527
363,2021-05-30,0.83044,0.92998,0.79877,0.90612,1206925952,USD,0.13121000000000005,-0.07568000000000008,0.9433771428571429,1.0452778571428571,1.1653119047619047,0.06819231401320858,0.2592939633238501
364,2021-05-31,0.90591,1.04892,0.88318,1.04293,1780562304,USD,0.1657400000000001,-0.13701999999999992,0.9507357142857144,1.0129228571428572,1.1487366666666665,0.07651227066232327,0.2552386510568746
365,2021-06-01,1.04122,1.0973,0.97712,1.01063,1605301632,USD,0.12017999999999995,0.030590000000000117,0.95592,0.9715,1.1264828571428571,0.07954746046648202,0.2452774913468994
366,2021-06-02,1.01061,1.04772,0.98136,1.02441,950125696,USD,0.06635999999999997,-0.013800000000000034,0.9548828571428573,0.9688364285714286,1.1148695238095239,0.07843476986521586,0.24399777641356013
367,2021-06-03,1.02441,1.0773,1.00778,1.04426,974273920,USD,0.06952000000000003,-0.019849999999999923,0.96542,0.959172857142857,1.0997676190476189,0.08551728636168549,0.23770962422469863
368,2021-06-04,1.04426,1.04594,0.91895,0.96927,1265041280,USD,0.12699000000000005,0.07499,0.9754328571428571,0.9565492857142857,1.0790938095238094,0.08042027246788819,0.22868828508422065
369,2021-06-05,0.96885,0.9972,0.89686,0.92274,898298688,USD,0.10033999999999998,0.046109999999999984,0.9886228571428572,0.9578150000000001,1.0522761904761906,0.05676207175990008,0.2109278143222507
370,2021-06-06,0.92274,0.94784,0.91773,0.94493,559235200,USD,0.03010999999999997,-0.022190000000000043,0.9941671428571428,0.9687721428571427,1.0282409523809524,0.048680535711336556,0.1912172423947371
371,2021-06-07,0.94516,0.97376,0.84842,0.86345,993304832,USD,0.12534,0.08170999999999995,0.9685271428571429,0.9596314285714286,0.9981242857142858,0.063673719517103,0.1613512415685557
372,2021-06-08,0.86345,0.88383,0.78577,0.87393,1369485056,USD,0.09806000000000004,-0.010479999999999934,0.9489985714285714,0.9524592857142856,0.9639995238095238,0.06932107482061683,0.08963424844757804
373,2021-06-09,0.87383,0.9197,0.83149,0.9197,1129039488,USD,0.08821000000000001,-0.045869999999999966,0.9340400000000001,0.9444614285714286,0.9572376190476191,0.061152376895749844,0.08721893262960675
374,2021-06-10,0.91975,0.92699,0.85342,0.86841,838310144,USD,0.07357000000000002,0.05133999999999994,0.9089185714285716,0.9371692857142857,0.9424214285714285,0.04118843787139235,0.07280126573664396
375,2021-06-11,0.86852,0.87919,0.83437,0.84748,568450688,USD,0.04482000000000008,0.021039999999999948,0.89152,0.9334764285714287,0.9348728571428572,0.03695121919503915,0.07408627620166167
376,2021-06-12,0.84748,0.84757,0.80638,0.83121,558728000,USD,0.04119000000000006,0.016270000000000007,0.8784442857142857,0.9335335714285715,0.9313580952380953,0.04012094874964019,0.07725635790141039
377,2021-06-13,0.83164,0.88784,0.8185,0.88326,503672320,USD,0.06933999999999996,-0.05162,0.8696342857142857,0.9319007142857144,0.9357261904761904,0.028040659084703833,0.07132031333892351
378,2021-06-14,0.88326,0.92692,0.86323,0.89031,659188992,USD,0.06368999999999991,-0.007050000000000001,0.8734714285714286,0.9209992857142858,0.9309114285714286,0.028878612286930807,0.07078338479373167
379,2021-06-15,0.89031,0.90115,0.85949,0.86663,537373504,USD,0.04166000000000003,0.023680000000000034,0.8724285714285714,0.9107135714285715,0.925782380952381,0.02899088214626921,0.07137904551791074
380,2021-06-16,0.86663,0.87309,0.82643,0.83195,603787328,USD,0.046660000000000035,0.034680000000000044,0.8598928571428571,0.8969664285714286,0.9162719047619048,0.02361759705126694,0.06985422618704511
381,2021-06-17,0.8318,0.86084,0.82488,0.84118,475787840,USD,0.0359600000000001,-0.009380000000000055,0.8560028571428572,0.8824607142857143,0.9101138095238094,0.02421586925570391,0.07053155368175512
382,2021-06-18,0.84118,0.84449,0.77191,0.79581,617475712,USD,0.07257999999999998,0.04537000000000002,0.8486214285714285,0.8700707142857144,0.9051914285714288,0.03338560689307401,0.07481008871039758
383,2021-06-19,0.79691,0.80499,0.75589,0.75977,459267712,USD,0.04910000000000003,0.03714000000000006,0.8384157142857144,0.85843,0.9018276190476191,0.04752177530954894,0.07976480984148362
384,2021-06-20,0.75965,0.78412,0.69806,0.77421,866853632,USD,0.08606000000000003,-0.014559999999999906,0.8228371428571429,0.8462357142857143,0.8955461904761906,0.04823974043403102,0.08446530254940399
385,2021-06-21,0.77421,0.77885,0.60524,0.60732,1592278912,USD,0.17361000000000004,0.16688999999999998,0.7824099999999999,0.8279407142857143,0.8748028571428572,0.08603972977642269,0.09874312452737702
386,2021-06-22,0.60653,0.64888,0.51017,0.54493,2310018560,USD,0.13871,0.06159999999999999,0.7364528571428571,0.8044407142857144,0.8526266666666666,0.11469985450648731,0.11726971690651392
387,2021-06-23,0.54681,0.66335,0.52269,0.63785,1699974016,USD,0.14066,-0.09104000000000001,0.7087242857142858,0.7843085714285714,0.8342190476190476,0.11117332051907926,0.1192785780810966
388,2021-06-24,0.63827,0.69153,0.61716,0.67224,928593216,USD,0.07436999999999994,-0.033969999999999945,0.6845899999999999,0.7702964285714285,0.8165038095238095,0.09475088724298661,0.11403446213650766
389,2021-06-25,0.67239,0.6881,0.60365,0.6118,1130615680,USD,0.08445000000000003,0.06059000000000003,0.6583028571428571,0.7534621428571429,0.7994814285714286,0.0836239422881351,0.11673866567190963
390,2021-06-26,0.61169,0.63173,0.58214,0.61663,752437440,USD,0.04959000000000002,-0.0049400000000000555,0.6378542857142858,0.738135,0.7849047619047619,0.07126455380181126,0.11965329651201119
391,2021-06-27,0.61669,0.65127,0.59735,0.64747,647734336,USD,0.05391999999999997,-0.03078000000000003,0.6197485714285714,0.7212928571428571,0.77074,0.04015943783992585,0.11734671154319086
392,2021-06-28,0.64747,0.6555,0.62436,0.64393,636009920,USD,0.031139999999999946,0.0035399999999999876,0.6249785714285715,0.7036942857142857,0.7602866666666666,0.04065194641857718,0.11844744202951032
393,2021-06-29,0.64393,0.72851,0.64228,0.70523,1005559040,USD,0.08623000000000003,-0.06130000000000002,0.6478785714285714,0.6921657142857143,0.7522533333333333,0.03234484112836051,0.11605109574378966
394,2021-06-30,0.70599,0.714,0.64915,0.70537,894667968,USD,0.06484999999999996,0.0006199999999999539,0.6575242857142857,0.6831242857142857,0.7420471428571429,0.03836349386988367,0.10984746342737964
395,2021-07-01,0.70533,0.70542,0.64673,0.65997,679688192,USD,0.05869000000000002,0.04536000000000007,0.6557714285714286,0.6701807142857144,0.7321214285714286,0.03785601600299333,0.107244923949146
396,2021-07-02,0.65989,0.6671,0.63368,0.65631,521326720,USD,0.033420000000000005,0.0035800000000000276,0.6621300000000001,0.6602164285714285,0.7230180952380953,0.03261454481260127,0.10505450078978755
397,2021-07-03,0.65631,0.68013,0.64387,0.67644,436315296,USD,0.03625999999999996,-0.020130000000000092,0.6706742857142858,0.6542642857142856,0.7156480952380952,0.025838419622168783,0.10248227615637495
398,2021-07-04,0.67644,0.70881,0.67644,0.69589,446371584,USD,0.03237000000000001,-0.019449999999999967,0.6775914285714286,0.64867,0.7067257142857143,0.025060622783274297,0.09504661585619624
399,2021-07-05,0.69595,0.69614,0.64605,0.65297,600333120,USD,0.05008999999999997,0.04297999999999991,0.6788828571428571,0.6519307142857143,0.6954238095238094,0.02320078067241223,0.08578498601015792
400,2021-07-06,0.65292,0.67941,0.65185,0.66482,486933120,USD,0.027559999999999918,-0.011900000000000022,0.67311,0.6604942857142857,0.6858138095238095,0.02041228469982026,0.07644178042643317
401,2021-07-07,0.66481,0.67327,0.65032,0.65207,394688992,USD,0.022950000000000026,0.012739999999999974,0.6654957142857142,0.66151,0.6772480952380951,0.01579082418910658,0.06895976135538479
402,2021-07-08,0.6521,0.65382,0.61152,0.6231,616295424,USD,0.042300000000000004,0.029000000000000026,0.6602285714285714,0.658,0.6668633333333334,0.022615497215085878,0.05869523475832185
403,2021-07-09,0.62307,0.64523,0.5934,0.63706,519775200,USD,0.05182999999999993,-0.013989999999999947,0.6574785714285715,0.6598042857142856,0.6593038095238095,0.024280493836662854,0.05097231262914319
404,2021-07-10,0.6371,0.64841,0.61332,0.62511,388825376,USD,0.035090000000000066,0.011989999999999945,0.6501457142857142,0.6604099999999999,0.6528914285714286,0.025328006144146705,0.045921565226572675
405,2021-07-11,0.6247,0.64359,0.61714,0.6361,277977568,USD,0.026449999999999974,-0.011399999999999966,0.6416042857142857,0.6595978571428571,0.646314761904762,0.01550858778992882,0.036627350384538106
406,2021-07-12,0.63617,0.65701,0.61897,0.62899,484432736,USD,0.03803999999999996,0.007179999999999964,0.6381785714285714,0.6585307142857142,0.6473466666666666,0.01522547145254337,0.03576901624778877
407,2021-07-13,0.62899,0.63948,0.6102,0.6194,438171040,USD,0.029280000000000084,0.009590000000000098,0.63169,0.6524,0.6508928571428572,0.01109840829427793,0.027942985012875857
408,2021-07-14,0.61918,0.62455,0.5869,0.61985,488042496,USD,0.03765000000000007,-0.0006700000000000594,0.6270871428571427,0.6462914285714285,0.6500357142857143,0.007252415032894382,0.02863068503748245
409,2021-07-15,0.61985,0.62613,0.58871,0.59744,465245792,USD,0.03742000000000001,0.02241000000000004,0.6234214285714286,0.641825,0.6464738095238095,0.013444817376429552,0.030332466842694337
410,2021-07-16,0.59773,0.61707,0.58802,0.5893,407512640,USD,0.02905000000000002,0.008429999999999938,0.6165985714285714,0.6370385714285715,0.645402380952381,0.01701460297172814,0.03197157736253982
411,2021-07-17,0.58928,0.59714,0.56785,0.58164,388908000,USD,0.029290000000000038,0.00763999999999998,0.6103885714285714,0.6302671428571429,0.6437361904761906,0.020883362140362776,0.03436795491098007
412,2021-07-18,0.58167,0.60112,0.5728,0.58677,326269472,USD,0.028320000000000012,-0.005099999999999993,0.6033414285714286,0.6224728571428572,0.6408457142857144,0.018999178428347946,0.036523198185749686
413,2021-07-19,0.58674,0.58871,0.55441,0.55711,443794304,USD,0.0343,0.029630000000000045,0.5930728571428572,0.6156257142857143,0.6367114285714286,0.022012131287300236,0.04081794853809314
414,2021-07-20,0.55711,0.5692,0.51755,0.52864,574848960,USD,0.051650000000000085,0.028469999999999995,0.5801071428571429,0.6058985714285715,0.628302380952381,0.02940779358961397,0.044057793737872566
415,2021-07-21,0.52863,0.58313,0.51981,0.57139,673860032,USD,0.06332000000000004,-0.04275999999999991,0.5731842857142857,0.6001357142857142,0.621922380952381,0.0236288036494567,0.04199201863508044
416,2021-07-22,0.5714,0.60286,0.56107,0.59192,588630848,USD,0.041789999999999994,-0.020519999999999983,0.5723957142857143,0.5979085714285715,0.6186819047619048,0.022760552759205535,0.04153227643883503
417,2021-07-23,0.59191,0.60974,0.57613,0.60902,489182528,USD,0.03360999999999992,-0.01710999999999996,0.5752128571428571,0.5959057142857143,0.6164299999999999,0.026167046524385222,0.040662996692341094
418,2021-07-24,0.60909,0.61383,0.60219,0.60665,463403808,USD,0.011639999999999984,0.0024399999999999977,0.5787857142857142,0.5945871428571429,0.6131066666666667,0.02876894903487519,0.038296278452803825
419,2021-07-25,0.60496,0.60709,0.59105,0.60685,339103776,USD,0.016040000000000054,-0.0018899999999999473,0.5816542857142857,0.5924978571428571,0.6088666666666667,0.030638127040849717,0.0332720865491586
420,2021-07-26,0.60685,0.67746,0.60502,0.62389,1088723456,USD,0.07243999999999995,-0.017039999999999944,0.5911942857142858,0.5921335714285715,0.6074819047619048,0.03208457929553147,0.03192253320449127
421,2021-07-27,0.62379,0.65232,0.61272,0.64548,587130752,USD,0.03959999999999997,-0.021690000000000098,0.6078857142857144,0.5939964285714286,0.6065609523809524,0.023310208677127905,0.030429713588021066
422,2021-07-28,0.64548,0.75232,0.63123,0.73159,1654591744,USD,0.12109000000000003,-0.08610999999999991,0.6307714285714285,0.6019778571428571,0.6103476190476191,0.047547724596299384,0.03986190097134079
423,2021-07-29,0.73316,0.76498,0.69777,0.7482,716251264,USD,0.06720999999999999,-0.015039999999999942,0.6530971428571428,0.6127464285714286,0.6163047619047619,0.06104054655562435,0.04993738085033912
424,2021-07-30,0.74829,0.76911,0.71526,0.75161,848521088,USD,0.05384999999999995,-0.0033199999999999896,0.6734671428571428,0.62434,0.6217595238095238,0.06734626956119652,0.05793389538744331
425,2021-07-31,0.75206,0.75794,0.73811,0.74434,499415840,USD,0.019829999999999903,0.007719999999999949,0.6931371428571429,0.6359614285714285,0.6274371428571429,0.06463124778677892,0.06382183389271945
426,2021-08-01,0.74443,0.77765,0.71333,0.72477,638449344,USD,0.06431999999999993,0.01966000000000001,0.7099828571428571,0.6458185714285715,0.6316595238095237,0.05264964251676061,0.06726394691633247
427,2021-08-02,0.72413,0.77281,0.71673,0.73859,570727808,USD,0.05608000000000002,-0.014459999999999917,0.7263685714285714,0.6587814285714286,0.6368785714285714,0.03687559329627404,0.07118418499117914
428,2021-08-03,0.7385,0.74441,0.7014,0.71325,569490688,USD,0.04300999999999999,0.025249999999999995,0.7360499999999999,0.671967857142857,0.641347619047619,0.013734881385235891,0.07295595876313925
429,2021-08-04,0.71325,0.73973,0.6973,0.73064,458200576,USD,0.04242999999999997,-0.017389999999999906,0.7359142857142856,0.6833428571428571,0.6466233333333333,0.013790874829801817,0.07529207251321066
430,2021-08-05,0.73073,0.73864,0.70237,0.73307,443990016,USD,0.03626999999999991,-0.0023400000000000087,0.7337528571428571,0.6934250000000001,0.6530819047619048,0.012685806654526266,0.07666680296054931
431,2021-08-06,0.73306,0.75272,0.72261,0.74695,432770272,USD,0.03010999999999997,-0.013889999999999958,0.7330871428571429,0.7032771428571428,0.6605890476190476,0.011674494584749959,0.0778188795797576
432,2021-08-07,0.74711,0.81814,0.74124,0.81666,840115264,USD,0.07689999999999997,-0.06955,0.7434185714285715,0.7182778571428571,0.6717804761904761,0.03398134214956127,0.08264700263629082
433,2021-08-08,0.81666,0.84032,0.77291,0.77911,771730176,USD,0.06740999999999997,0.03755000000000008,0.7511814285714287,0.7305821428571428,0.6809395238095238,0.035196270838715536,0.0834091527637287
434,2021-08-09,0.77911,0.82748,0.76058,0.81724,698491456,USD,0.06689999999999996,-0.03813,0.7624171428571429,0.7443928571428572,0.6933266666666666,0.04233628613623736,0.08341568697394046
435,2021-08-10,0.81707,0.86177,0.80027,0.85131,714806976,USD,0.0615,-0.03424000000000005,0.7821400000000001,0.759095,0.7086919047619048,0.04746184643128115,0.08125351399288226
436,2021-08-11,0.85131,1.088,0.84927,1.01233,1630115840,USD,0.2387300000000001,-0.16101999999999994,0.8223814285714285,0.7791478571428572,0.7296890476190476,0.09355509899315435,0.0990273877220266
437,2021-08-12,1.01229,1.04384,0.92468,0.9647,1438398080,USD,0.11916000000000015,0.04758999999999991,0.8554714285714287,0.7946121428571429,0.7474404761904762,0.09757795779590249,0.10624521873836398
438,2021-08-13,0.96602,1.09604,0.95173,1.08995,1027704576,USD,0.14430999999999994,-0.12392999999999998,0.9044714285714287,0.8187792857142858,0.7703419047619048,0.11798661441431521,0.12507987282609181
439,2021-08-14,1.09002,1.30885,1.07095,1.28015,2040794240,USD,0.2379,-0.1901299999999999,0.9706842857142857,0.8570514285714285,0.8024133333333333,0.17619099105394515,0.16192724274603718
440,2021-08-15,1.28017,1.34807,1.22585,1.28447,1618161408,USD,0.12222,-0.0042999999999999705,1.0428785714285713,0.89703,0.8346809523809523,0.18776592488420007,0.1866382955586774
441,2021-08-16,1.28414,1.32792,1.15028,1.18577,1278968704,USD,0.17764000000000002,0.09837000000000007,1.0955257142857142,0.9289714285714286,0.8614371428571429,0.1641337864728186,0.1949966657187478
442,2021-08-17,1.18577,1.22258,1.08688,1.09875,1268936960,USD,0.13569999999999993,0.0870200000000001,1.1308742857142857,0.956507142857143,0.8830214285714286,0.12467412827810281,0.1949833824018282
443,2021-08-18,1.09869,1.19405,1.0522,1.14452,1261369216,USD,0.14185000000000003,-0.04583000000000004,1.1497585714285712,0.98607,0.9026847619047619,0.1132099625222348,0.19971239737730564
444,2021-08-19,1.14435,1.23489,1.09047,1.23489,1033806656,USD,0.14442,-0.09054000000000006,1.188357142857143,1.0219142857142856,0.9258604761904762,0.08110765576571462,0.20891579924640016
445,2021-08-20,1.23482,1.28762,1.19994,1.26318,871181632,USD,0.08767999999999998,-0.02835999999999994,1.2131042857142857,1.058787857142857,0.9502209523809523,0.07199335336384592,0.2172412676473966
446,2021-08-21,1.26316,1.28262,1.20444,1.21663,588184064,USD,0.07818000000000014,0.04652999999999996,1.20403,1.0873571428571427,0.9727109523809523,0.0658776160770876,0.2192989260553907
447,2021-08-22,1.21654,1.2554,1.18284,1.22574,530742944,USD,0.07256000000000018,-0.009200000000000097,1.1956399999999998,1.1192592857142858,0.9965666666666666,0.05707764828138485,0.21822446760923336
448,2021-08-23,1.22577,1.30288,1.2115,1.24617,927812352,USD,0.09138000000000002,-0.020399999999999974,1.2042685714285715,1.1498971428571427,1.020737142857143,0.05983567203282003,0.2163238057205644
449,2021-08-24,1.2463,1.26486,1.12518,1.13632,906298688,USD,0.13968000000000003,0.10997999999999997,1.2096357142857141,1.1702549999999998,1.0408833333333334,0.04960349747653808,0.20569486909821832
450,2021-08-25,1.13631,1.1772,1.10894,1.17436,766533248,USD,0.06825999999999999,-0.03805000000000014,1.2138985714285713,1.1818285714285715,1.062012857142857,0.044045729807620136,0.19473020898522225
451,2021-08-26,1.17415,1.18648,1.06446,1.07148,864260224,USD,0.12202000000000002,0.10267000000000004,1.190554285714286,1.1894557142857143,1.078127619047619,0.06790664863304295,0.17955917030062074
452,2021-08-27,1.07137,1.19123,1.05214,1.19123,823904576,USD,0.13908999999999994,-0.11986000000000008,1.1802757142857143,1.19669,1.0992838095238096,0.060075364572939036,0.16409512084386157
453,2021-08-28,1.19129,1.19791,1.13416,1.14492,456687616,USD,0.06374999999999997,0.04637000000000002,1.1700314285714286,1.1870307142857144,1.114915238095238,0.058946404026192604,0.1509336683983731
454,2021-08-29,1.14489,1.16811,1.11473,1.14009,470052096,USD,0.05337999999999998,0.0047999999999999154,1.1577957142857145,1.176717857142857,1.132104761904762,0.05414967924101513,0.1298620386263437
455,2021-08-30,1.14022,1.14841,1.09612,1.10065,523117344,USD,0.05228999999999995,0.039570000000000105,1.1370071428571429,1.170637857142857,1.1456004761904761,0.040872957528699544,0.10846836978936009
456,2021-08-31,1.10039,1.24086,1.09152,1.18615,997289216,USD,0.14934000000000003,-0.08576000000000006,1.1441257142857142,1.1768807142857143,1.161545238095238,0.04487653761790744,0.08514874641584497
457,2021-09-01,1.18597,1.23788,1.15955,1.23637,683839488,USD,0.07833000000000001,-0.0504,1.1529842857142858,1.1834414285714288,1.1722138095238097,0.05646384974983088,0.07935664789267032
458,2021-09-02,1.23636,1.29503,1.22205,1.2541,733098304,USD,0.07297999999999982,-0.01774000000000009,1.1790728571428573,1.1848135714285715,1.185994761904762,0.05469025224367034,0.06542350904827539
459,2021-09-03,1.25308,1.32231,1.22389,1.28982,804383168,USD,0.09842000000000017,-0.036739999999999995,1.1931571428571428,1.1867164285714284,1.1955123809523809,0.06913116270643062,0.0652906991771943
460,2021-09-04,1.29048,1.29667,1.23847,1.25482,500272288,USD,0.05820000000000003,0.035660000000000025,1.2088571428571429,1.1894442857142857,1.1943061904761905,0.06882921126825212,0.06386737128425726
461,2021-09-05,1.25486,1.31186,1.23675,1.30601,482345312,USD,0.07511000000000001,-0.05114999999999981,1.2325599999999999,1.195177857142857,1.1953319047619049,0.06976357884550895,0.06553890330322697
462,2021-09-06,1.30608,1.41516,1.30608,1.38984,1023159232,USD,0.10908000000000007,-0.08376000000000006,1.2738728571428573,1.2054399999999998,1.2050495238095238,0.06401982341803583,0.07799546509099822
463,2021-09-07,1.38978,1.39191,0.9617,1.12334,2088071936,USD,0.43021,0.26644,1.2649000000000001,1.2045128571428572,1.2062204761904762,0.08061480736605989,0.07648984092519161
464,2021-09-08,1.1254,1.14727,1.01729,1.09903,1196871936,USD,0.12997999999999998,0.026370000000000005,1.24528,1.1991321428571429,1.2040542857142857,0.10246687936434339,0.07892978674564824
465,2021-09-09,1.09918,1.13727,1.07475,1.08673,866167040,USD,0.06251999999999991,0.012450000000000072,1.22137,1.2002214285714286,1.1969990476190477,0.11836050974318611,0.08257332117001756
466,2021-09-10,1.08676,1.24271,1.03337,1.05482,1375490944,USD,0.20934000000000008,0.03193999999999986,1.1877985714285713,1.1904778571428571,1.187077142857143,0.1285946317475416,0.0866414168941613
467,2021-09-11,1.05527,1.11077,1.05134,1.07882,480038016,USD,0.059430000000000094,-0.02354999999999996,1.1626557142857143,1.1857564285714286,1.180514761904762,0.13049826957436958,0.08946412083170432
468,2021-09-12,1.07884,1.1266,1.05809,1.11918,453833344,USD,0.06851000000000007,-0.04034000000000004,1.1359657142857142,1.184262857142857,1.1754404761904762,0.1144056991379281,0.08979211916845063
469,2021-09-13,1.11875,1.12603,1.02673,1.06421,778179392,USD,0.09930000000000017,0.05453999999999981,1.0894471428571428,1.1816600000000002,1.1667757142857142,0.026079593372522917,0.09139075623778181
470,2021-09-14,1.06421,1.09762,1.05817,1.09533,410514208,USD,0.039449999999999985,-0.031119999999999814,1.0854457142857143,1.1751728571428572,1.1648238095238095,0.021812356480629028,0.092504685690841
471,2021-09-15,1.09612,1.1297,1.07959,1.12069,416588928,USD,0.05010999999999988,-0.02456999999999998,1.08854,1.16691,1.1622680952380953,0.025315601250347864,0.09296828129093206
472,2021-09-16,1.12067,1.12973,1.06744,1.0903,440802080,USD,0.062289999999999957,0.030370000000000008,1.08905,1.15521,1.1631642857142857,0.025309019472642854,0.09213633613137476
473,2021-09-17,1.09031,1.10216,1.05127,1.06601,440082208,USD,0.0508900000000001,0.02429999999999999,1.0906485714285714,1.1392235714285712,1.1572014285714285,0.02303815489470312,0.09425674794335183
474,2021-09-18,1.06601,1.09406,1.05683,1.07557,274754656,USD,0.037230000000000096,-0.009560000000000013,1.0901842857142856,1.12642,1.1538990476190476,0.023346944023534367,0.09590894827411596
475,2021-09-19,1.07556,1.08348,1.04033,1.04801,296875776,USD,0.04315000000000002,0.027549999999999963,1.080017142857143,1.1079914285714285,1.1495142857142855,0.024099799939891507,0.09863786770664569
476,2021-09-20,1.04818,1.04944,0.87844,0.92107,1284351744,USD,0.17099999999999993,0.12710999999999983,1.0595685714285714,1.0745078571428572,1.1409628571428572,0.06528415081487206,0.11019346319736058
477,2021-09-21,0.92114,0.95866,0.859,0.87323,931831424,USD,0.09965999999999997,0.04791000000000001,1.0278399999999999,1.056642857142857,1.1260619047619047,0.09306663365567644,0.12406211861881948
478,2021-09-22,0.87353,1.00825,0.86813,1.00373,881867520,USD,0.14012000000000013,-0.13019999999999998,1.0111314285714286,1.0498357142857144,1.1149838095238094,0.08364042571798393,0.12410644554075954
479,2021-09-23,1.00368,1.01551,0.9686,1.00139,574023680,USD,0.046909999999999896,0.0022899999999999032,0.9984299999999999,1.04374,1.10295,0.07601784176538114,0.12217965698101983
480,2021-09-24,1.00141,1.00242,0.88723,0.94465,885516672,USD,0.11519000000000013,0.05675999999999992,0.9810928571428572,1.0358707142857144,1.0865133333333332,0.07175591722738063,0.11895848445290937
481,2021-09-25,0.94405,0.95569,0.91684,0.94014,496372512,USD,0.03885000000000005,0.003909999999999969,0.9617457142857143,1.025965,1.0715285714285714,0.05919528749744013,0.11649142334462638
482,2021-09-26,0.94014,0.95629,0.89226,0.94451,574122176,USD,0.06402999999999992,-0.004369999999999985,0.9469599999999999,1.0134885714285713,1.0543142857142858,0.0453683329353542,0.10638003739289714
483,2021-09-27,0.94408,0.98126,0.92062,0.92189,505212704,USD,0.06064000000000003,0.022190000000000043,0.9470771428571428,1.0033228571428572,1.0320309523809523,0.045291335710884076,0.0777384871800811
484,2021-09-28,0.92192,0.94198,0.8912,0.89311,450342272,USD,0.05078000000000005,0.028810000000000002,0.9499171428571429,0.9888785714285715,1.0210676190476191,0.04022939087875933,0.08040617152338299
485,2021-09-29,0.8931,0.99071,0.88656,0.92679,639755712,USD,0.10414999999999996,-0.03369,0.9389257142857143,0.9750285714285714,1.0128657142857143,0.03292360847838369,0.0808394980545673
486,2021-09-30,0.92671,0.96368,0.92219,0.95329,449644096,USD,0.04149000000000003,-0.026579999999999937,0.9320542857142857,0.9652421428571428,1.0065114285714285,0.020321638596281805,0.07998309385649745
487,2021-10-01,0.95324,1.06459,0.94442,1.04119,878848576,USD,0.12016999999999989,-0.08795000000000008,0.9458457142857143,0.9634692857142858,1.005862380952381,0.04636511183247494,0.07962598344163643
488,2021-10-02,1.04213,1.06994,1.00872,1.0362,548185536,USD,0.06121999999999983,0.005929999999999991,0.9595685714285714,0.9606571428571428,1.003832857142857,0.05731705052558276,0.07820390125453283
489,2021-10-03,1.0362,1.08804,1.0211,1.05503,554180160,USD,0.06694,-0.018829999999999902,0.9753571428571429,0.9611585714285714,1.0007780952380951,0.066898725128431,0.07464490087199957
490,2021-10-04,1.05505,1.05956,1.0067,1.04159,566147456,USD,0.05286000000000013,0.013460000000000027,0.9924571428571428,0.9697671428571428,0.9997009523809524,0.06624930508170922,0.07384269245529845
491,2021-10-05,1.04172,1.08748,1.03819,1.08482,580595264,USD,0.049290000000000056,-0.043099999999999916,1.0198442857142855,0.9848807142857143,0.9992004761904761,0.05736502414571083,0.0731949254030775
492,2021-10-06,1.08399,1.10702,1.0195,1.07619,702119744,USD,0.08751999999999982,0.007800000000000029,1.0411871428571429,0.9900564285714285,0.9970814285714286,0.04295655274587854,0.0700797142035934
493,2021-10-07,1.07623,1.09379,1.04492,1.06651,567979520,USD,0.04886999999999997,0.009719999999999951,1.0573614285714286,0.9947078571428571,0.9959485714285714,0.01895467965839378,0.0686756873489981
494,2021-10-08,1.06764,1.09167,1.05582,1.0619,462560256,USD,0.03584999999999994,0.005739999999999856,1.0603200000000002,1.0030828571428572,0.9957528571428572,0.017575981717482658,0.06847159390162294
495,2021-10-09,1.0624,1.20814,1.05756,1.15945,876029696,USD,0.15057999999999994,-0.09705000000000008,1.0779271428571429,1.0187478571428572,0.9997471428571428,0.03857545191538491,0.07545134890397089
496,2021-10-10,1.16036,1.22162,1.12951,1.13577,856247552,USD,0.09210999999999991,0.024590000000000112,1.0894614285714286,1.0324092857142857,1.0039261904761905,0.0424629871882841,0.08051840848378747
497,2021-10-11,1.13554,1.18138,1.10758,1.13769,580274176,USD,0.07380000000000009,-0.0021500000000000963,1.1031900000000001,1.0478235714285715,1.0142414285714285,0.03986150482190413,0.08320378707040471
498,2021-10-12,1.13769,1.13769,1.06589,1.10069,626449728,USD,0.07180000000000009,0.037000000000000144,1.105457142857143,1.0626507142857142,1.0250728571428571,0.03908633807111565,0.07860751218190676
499,2021-10-13,1.10073,1.13807,1.0756,1.12786,550367744,USD,0.062470000000000026,-0.0271300000000001,1.1128385714285716,1.0770128571428572,1.0309838095238095,0.0374841630685869,0.08153489194671153
500,2021-10-14,1.12775,1.15643,1.11852,1.13316,481870112,USD,0.03791000000000011,-0.005409999999999915,1.12236,1.0898607142857144,1.0372585714285714,0.031786778173742584,0.08417129173808091
501,2021-10-15,1.13324,1.16356,1.09733,1.14125,883122688,USD,0.06623000000000001,-0.008010000000000073,1.1336957142857143,1.0970078571428572,1.0466204761904763,0.017627285532326616,0.08428921825928772
502,2021-10-16,1.14136,1.18519,1.13049,1.134,473801632,USD,0.05469999999999997,0.007360000000000033,1.13006,1.1039935714285716,1.0558519047619048,0.013592936891393282,0.0826440956523233
503,2021-10-17,1.134,1.14054,1.02483,1.09294,536147072,USD,0.1157100000000002,0.041059999999999874,1.1239414285714286,1.1067014285714285,1.06292,0.01911299508063644,0.07890827605517592
504,2021-10-18,1.09294,1.10583,1.06503,1.08314,465836160,USD,0.04080000000000017,0.009800000000000031,1.1161485714285715,1.1096692857142858,1.0705985714285713,0.023246764956707692,0.0720456585982594
505,2021-10-19,1.0831,1.09965,1.06956,1.09113,349316800,USD,0.03008999999999995,-0.008029999999999982,1.114782857142857,1.11012,1.0800280952380952,0.024550552413531414,0.059524638060136345
506,2021-10-20,1.09105,1.15254,1.08703,1.14366,488429184,USD,0.06550999999999996,-0.052609999999999824,1.1170399999999998,1.1149392857142857,1.0903552380952382,0.026594462456183725,0.04959390523229826
507,2021-10-21,1.1438,1.16343,1.08712,1.08836,619769472,USD,0.07630999999999988,0.055439999999999934,1.1106399999999998,1.1165,1.0967871428571427,0.027445584344298824,0.038431401762468204
508,2021-10-22,1.08836,1.12831,1.07813,1.08919,475461472,USD,0.05017999999999989,-0.0008300000000001084,1.1032028571428572,1.1184492857142856,1.0990728571428572,0.024683035141763437,0.03632933582421007
509,2021-10-23,1.08903,1.10149,1.07665,1.09354,263599872,USD,0.024839999999999973,-0.004510000000000014,1.0974228571428573,1.1137414285714284,1.1018033333333332,0.020682365043909225,0.03340468804423988
510,2021-10-24,1.09354,1.09548,1.05684,1.08235,315373280,USD,0.03864000000000001,0.011190000000000033,1.09591,1.1099257142857142,1.1031042857142856,0.02143842033981653,0.03199422534948969
511,2021-10-25,1.08231,1.10274,1.07836,1.09527,302260768,USD,0.02438000000000007,-0.01295999999999986,1.0976428571428571,1.1068957142857143,1.1056604761904762,0.020712123433942072,0.028820792403428733
