Date,Open,High,Low,Close,Volume,Currency
2020-06-01,0.2318,0.24981,0.23085,0.24797,11970598,USD
2020-06-02,0.24800999999999998,0.25321,0.22794999999999999,0.23793999999999998,12686011,USD
2020-06-03,0.2379,0.24475999999999998,0.23384,0.24452000000000002,8151002,USD
2020-06-04,0.24453,0.24641,0.23668,0.24337,8749785,USD
2020-06-05,0.24337,0.2475,0.2397,0.24023,7754761,USD
2020-06-06,0.24027,0.24443,0.23838,0.242,6616781,USD
2020-06-07,0.242,0.24494,0.23544,0.24456,8097671,USD
2020-06-08,0.24456,0.24711000000000002,0.24130000000000001,0.24618,6551518,USD
2020-06-09,0.24619,0.24944999999999998,0.24018,0.24381999999999998,6860348,USD
2020-06-10,0.24381999999999998,0.24950999999999998,0.24254,0.24778,7627971,USD
2020-06-11,0.24778999999999998,0.24977000000000002,0.22701,0.23071,12403084,USD
2020-06-12,0.23072,0.23923,0.22862000000000002,0.23754,7339022,USD
2020-06-13,0.23755,0.23861000000000002,0.23486,0.23822,5266780,USD
2020-06-14,0.23823,0.23848,0.23052,0.23202,5778825,USD
2020-06-15,0.23199,0.23334,0.21906,0.23093,10177071,USD
2020-06-16,0.23092,0.23595,0.22899,0.23536,7028361,USD
2020-06-17,0.23537,0.23655,0.22863,0.23388,5942560,USD
2020-06-18,0.23385,0.23469,0.22813,0.23134,4959991,USD
2020-06-19,0.23134,0.23194,0.22697,0.22911,5559812,USD
2020-06-20,0.22911,0.23096,0.22628,0.22886,4538446,USD
2020-06-21,0.22887000000000002,0.23118,0.22738,0.22813,4102533,USD
2020-06-22,0.22811,0.24639,0.22769,0.24325,7929329,USD
2020-06-23,0.24324,0.24477000000000002,0.24094,0.2432,5163349,USD
2020-06-24,0.2432,0.24922999999999998,0.23156000000000002,0.23475,9127950,USD
2020-06-25,0.23475,0.23529,0.22799,0.23256,6475813,USD
2020-06-26,0.23257,0.2335,0.22816,0.22966999999999999,6958435,USD
2020-06-27,0.22972,0.2313,0.21711000000000003,0.22106,7213219,USD
2020-06-28,0.22107,0.22774,0.21846000000000002,0.22509,5910456,USD
2020-06-29,0.22509,0.22983,0.2216,0.22787000000000002,6801789,USD
2020-06-30,0.22788,0.22857,0.22322999999999998,0.22563,5600729,USD
2020-07-01,0.22561,0.23247,0.22433,0.23095,6309611,USD
2020-07-02,0.23096,0.23204,0.22353,0.22641999999999998,7284511,USD
2020-07-03,0.22641999999999998,0.22813999999999998,0.22477,0.22512000000000001,5199649,USD
2020-07-04,0.22509,0.2304,0.2248,0.22915,5449460,USD
2020-07-05,0.22909000000000002,0.2298,0.22379,0.22798,5410988,USD
2020-07-06,0.22794999999999999,0.24164,0.2271,0.24156,9452589,USD
2020-07-07,0.24156,0.24343,0.23492,0.23925,6261172,USD
2020-07-08,0.23926,0.24875999999999998,0.238,0.24699000000000002,12976175,USD
2020-07-09,0.24693,0.24763,0.23828,0.24202,9016772,USD
2020-07-10,0.24201,0.24217,0.23619,0.24126,6837318,USD
2020-07-11,0.24121,0.24164,0.23776,0.2392,6423250,USD
2020-07-12,0.2392,0.24378999999999998,0.23691,0.24275,6808834,USD
2020-07-13,0.24284,0.24503999999999998,0.23771,0.23973,8322678,USD
2020-07-14,0.23975,0.24208000000000002,0.23721,0.2405,7069377,USD
2020-07-15,0.24049,0.24136000000000002,0.23704,0.23862,7346094,USD
2020-07-16,0.23862,0.23947,0.23044,0.23365,6625183,USD
2020-07-17,0.23365,0.23453,0.23184,0.23275,5878520,USD
2020-07-18,0.23277,0.23683,0.2324,0.23575,5786473,USD
2020-07-19,0.23571999999999999,0.2397,0.23335,0.23901,6611449,USD
2020-07-20,0.23903,0.23971,0.23451,0.2361,5360281,USD
2020-07-21,0.2361,0.24649000000000001,0.23567,0.24553,6286317,USD
2020-07-22,0.24553999999999998,0.26642,0.24189,0.26327999999999996,6679453,USD
2020-07-23,0.26329,0.27952999999999995,0.2607,0.27534,8793487,USD
2020-07-24,0.27532999999999996,0.28701,0.26854,0.27932999999999997,7169207,USD
2020-07-25,0.27932999999999997,0.30857,0.27932999999999997,0.30532,8594767,USD
2020-07-26,0.30532,0.31854000000000005,0.30033,0.31113,9194982,USD
2020-07-27,0.31112,0.33257,0.31104000000000004,0.32180000000000003,13729046,USD
2020-07-28,0.32182,0.32653,0.30639999999999995,0.31695999999999996,9905746,USD
2020-07-29,0.31695,0.32493,0.31264,0.31782,8721293,USD
2020-07-30,0.31779,0.34111,0.31483,0.33487,9069245,USD
2020-07-31,0.33483999999999997,0.34934,0.32902,0.34651,8689356,USD
2020-08-01,0.34648,0.39237,0.34332999999999997,0.38714,11028663,USD
2020-08-02,0.38715,0.41508,0.33576,0.37207999999999997,16375385,USD
2020-08-03,0.37226,0.39773000000000003,0.36845999999999995,0.38580000000000003,9924831,USD
2020-08-04,0.38586000000000004,0.40201,0.38130000000000003,0.38962,9840204,USD
2020-08-05,0.38962,0.40692,0.38483999999999996,0.40079000000000004,8742431,USD
2020-08-06,0.4008,0.40318,0.39167,0.39482999999999996,7919677,USD
2020-08-07,0.3948,0.39814,0.36644,0.37957,8342854,USD
2020-08-08,0.37957,0.39676999999999996,0.37638,0.39676,4942302,USD
2020-08-09,0.39677999999999997,0.39993,0.38431,0.39023,4969254,USD
2020-08-10,0.39022,0.39905,0.38645,0.39553,8009004,USD
2020-08-11,0.39552,0.39813,0.36738,0.37901,9436475,USD
2020-08-12,0.37903,0.38921,0.36705,0.38712,8587354,USD
2020-08-13,0.38715,0.43033,0.37757,0.42431,12040059,USD
2020-08-14,0.42428,0.44374,0.41837,0.43803,8670962,USD
2020-08-15,0.43804000000000004,0.4427,0.42875,0.43218,7274350,USD
2020-08-16,0.43222000000000005,0.43657999999999997,0.41322000000000003,0.43363,7015016,USD
2020-08-17,0.43362,0.44486000000000003,0.42071,0.43056,7828093,USD
2020-08-18,0.43063,0.43365,0.41545,0.42216000000000004,8182539,USD
2020-08-19,0.42210000000000003,0.42665,0.39450999999999997,0.40744,8443071,USD
2020-08-20,0.40739,0.41892,0.4028,0.41605000000000003,6227504,USD
2020-08-21,0.41605000000000003,0.41872000000000004,0.38521,0.38799,7616900,USD
2020-08-22,0.38806,0.39687,0.37995999999999996,0.39556,6733465,USD
2020-08-23,0.39556,0.39696,0.38342000000000004,0.3905,5356709,USD
2020-08-24,0.39081,0.41017000000000003,0.38762,0.4077,6688812,USD
2020-08-25,0.40764,0.40902,0.37039999999999995,0.3832,8277664,USD
2020-08-26,0.38316,0.39261,0.37763,0.38595999999999997,6693902,USD
2020-08-27,0.38595999999999997,0.39648,0.37253,0.38311,7031983,USD
2020-08-28,0.38316,0.39764,0.3798,0.39511,6159794,USD
2020-08-29,0.39532,0.40552999999999995,0.39197000000000004,0.3988,5232710,USD
2020-08-30,0.3988,0.42958999999999997,0.39847000000000005,0.42886,6666730,USD
2020-08-31,0.42881,0.43871,0.41835,0.43389999999999995,7887926,USD
2020-09-01,0.43389,0.48824,0.42965,0.4758,10417601,USD
2020-09-02,0.47572000000000003,0.48096,0.42325999999999997,0.43907999999999997,30142438,USD
2020-09-03,0.43914,0.4664,0.37699,0.38197000000000003,33587816,USD
2020-09-04,0.38197000000000003,0.39958,0.36822000000000005,0.38594,25200712,USD
2020-09-05,0.38594,0.39412,0.31413,0.33491000000000004,35323428,USD
2020-09-06,0.33491000000000004,0.35808999999999996,0.31668999999999997,0.35349,20126942,USD
2020-09-07,0.35349,0.35733,0.32547000000000004,0.35206,21693412,USD
2020-09-08,0.35206,0.35569,0.32666,0.33746,18977708,USD
2020-09-09,0.33746,0.35833,0.33112,0.3511,14073361,USD
2020-09-10,0.3511,0.37692000000000003,0.35086,0.36792,16499568,USD
2020-09-11,0.36789,0.37441,0.35638,0.37372000000000005,12534016,USD
2020-09-12,0.37374,0.38812,0.36605,0.38798,11492922,USD
2020-09-13,0.38806,0.38950999999999997,0.35385,0.36571,10384353,USD
2020-09-14,0.36589,0.38399,0.35754,0.3767,10344507,USD
2020-09-15,0.3767,0.38167,0.3624,0.36401,9057345,USD
2020-09-16,0.36391,0.37288,0.35518,0.36488,9063983,USD
2020-09-17,0.36475,0.39396,0.36354000000000003,0.38897000000000004,12848922,USD
2020-09-18,0.38937,0.39221,0.37581,0.3842,8948677,USD
2020-09-19,0.38425,0.38699,0.37763,0.38525,6744663,USD
2020-09-20,0.38533,0.38539,0.36548,0.37112,7303446,USD
2020-09-21,0.37109,0.37533999999999995,0.33141000000000004,0.3413,11408798,USD
2020-09-22,0.34132,0.34619,0.33615,0.34402999999999995,9292788,USD
2020-09-23,0.34396,0.34412,0.31554000000000004,0.31995,13875768,USD
2020-09-24,0.31997000000000003,0.3526,0.31727,0.34917000000000004,9397916,USD
2020-09-25,0.34913,0.3578,0.33801,0.35163,8474165,USD
2020-09-26,0.35162,0.35587,0.34695,0.35425,6478060,USD
2020-09-27,0.35425999999999996,0.362,0.34751,0.35723,6351072,USD
2020-09-28,0.35742,0.36763,0.35257,0.35408,7768969,USD
2020-09-29,0.35397,0.36066000000000004,0.35148,0.35986,6262767,USD
2020-09-30,0.35977,0.36094,0.35281,0.35939,5430575,USD
2020-10-01,0.3595,0.36910000000000004,0.34566,0.35307,7925993,USD
2020-10-02,0.35306,0.35361000000000004,0.33591000000000004,0.34568,7265426,USD
2020-10-03,0.34578,0.35104,0.34374,0.3456,4480669,USD
2020-10-04,0.3456,0.35397,0.34402999999999995,0.35273000000000004,4772239,USD
2020-10-05,0.35269,0.35486,0.34876,0.35328,4959372,USD
2020-10-06,0.35352999999999996,0.3549,0.33720999999999995,0.34061,7324963,USD
2020-10-07,0.34058999999999995,0.34268,0.33411,0.34148,5774390,USD
2020-10-08,0.34166,0.35295,0.33479000000000003,0.35083,6851512,USD
2020-10-09,0.35070999999999997,0.36819,0.34782,0.36528,7848645,USD
2020-10-10,0.36525,0.37797000000000003,0.36457,0.37016000000000004,7168611,USD
2020-10-11,0.37028,0.37727,0.36923,0.37419,5219570,USD
2020-10-12,0.37439,0.39458,0.36605,0.38668,10388109,USD
2020-10-13,0.38664,0.38706,0.37457,0.38123,7917935,USD
2020-10-14,0.38112999999999997,0.38711,0.37362,0.37915,8075129,USD
2020-10-15,0.37895999999999996,0.38077,0.37039,0.37745,7928929,USD
2020-10-16,0.37760000000000005,0.37960000000000005,0.36265,0.36517,7590752,USD
2020-10-17,0.36507999999999996,0.36994,0.36318,0.36863,4984941,USD
2020-10-18,0.36861,0.37849,0.36754000000000003,0.37781,4675456,USD
2020-10-19,0.37785,0.38397000000000003,0.37272000000000005,0.37918999999999997,6851083,USD
2020-10-20,0.37903,0.38014,0.36716000000000004,0.36835,7457144,USD
2020-10-21,0.36852999999999997,0.40036,0.36806,0.3912,13609327,USD
2020-10-22,0.39138999999999996,0.42012,0.39121,0.41405000000000003,12649307,USD
2020-10-23,0.41412,0.41911000000000004,0.40291000000000005,0.40852,8175907,USD
2020-10-24,0.40858999999999995,0.41628,0.40774,0.41192,2675342,USD
2020-10-25,0.41244,0.41707,0.40395,0.40608999999999995,3054455,USD
2020-10-26,0.40645,0.41041000000000005,0.38321,0.39411,9063481,USD
2020-10-27,0.39393,0.40985000000000005,0.39092,0.40314999999999995,6287606,USD
2020-10-28,0.40311,0.4081,0.38151,0.38814,9962428,USD
2020-10-29,0.38825,0.39332999999999996,0.38153,0.38676,3035082,USD
2020-10-30,0.38716,0.39198,0.37436,0.38241,2807752,USD
2020-10-31,0.38281,0.39400999999999997,0.38053,0.38642000000000004,6424100,USD
2020-11-01,0.38636000000000004,0.39732,0.38494,0.39629000000000003,5518671,USD
2020-11-02,0.39644999999999997,0.40404,0.37913,0.38353,9433208,USD
2020-11-03,0.38364,0.38998,0.37095999999999996,0.38792000000000004,6731508,USD
2020-11-04,0.38823,0.4079,0.37722,0.40219,6168503,USD
2020-11-05,0.4025,0.41994,0.39646,0.41663,7043761,USD
2020-11-06,0.41658999999999996,0.45779000000000003,0.41508,0.45572,6529694,USD
2020-11-07,0.45577999999999996,0.46788,0.42557,0.43539999999999995,7779787,USD
2020-11-08,0.43539,0.46009,0.43244,0.45468000000000003,4817737,USD
2020-11-09,0.45455,0.45851,0.43495,0.44433,28845810,USD
2020-11-10,0.44438,0.45443,0.4395,0.45022,20756160,USD
2020-11-11,0.45026,0.47608,0.44950999999999997,0.46332999999999996,15126499,USD
2020-11-12,0.46332999999999996,0.46957,0.45244,0.46256,9330199,USD
2020-11-13,0.46261,0.47778,0.45765,0.47629000000000005,9851251,USD
2020-11-14,0.47637999999999997,0.47734,0.4526,0.4607,9171552,USD
2020-11-15,0.46075,0.46293,0.44044,0.44823,9339065,USD
2020-11-16,0.44818,0.46597000000000005,0.44582,0.46043,5618443,USD
2020-11-17,0.46037,0.48458999999999997,0.45974,0.48195,7933301,USD
2020-11-18,0.48205000000000003,0.49504000000000004,0.45992,0.47852,18194304,USD
2020-11-19,0.47855000000000003,0.48055000000000003,0.46541000000000005,0.47120999999999996,12530506,USD
2020-11-20,0.47126999999999997,0.51306,0.47106,0.50998,30848152,USD
2020-11-21,0.50994,0.55213,0.50514,0.55191,26861712,USD
2020-11-22,0.5519,0.58,0.51444,0.5594,36760208,USD
2020-11-23,0.55937,0.61033,0.5518,0.60922,49676632,USD
2020-11-24,0.6092000000000001,0.6217,0.58956,0.60503,41108728,USD
2020-11-25,0.6050099999999999,0.60563,0.55532,0.56967,14495700,USD
2020-11-26,0.56969,0.57708,0.48402999999999996,0.51932,13105547,USD
2020-11-27,0.5196900000000001,0.5304099999999999,0.49465,0.51811,6415440,USD
2020-11-28,0.5187,0.5479400000000001,0.50697,0.53774,5339793,USD
2020-11-29,0.53789,0.57652,0.53071,0.57545,5786952,USD
2020-11-30,0.57535,0.61597,0.57104,0.6159199999999999,51723100,USD
2020-12-01,0.61678,0.63566,0.56779,0.58566,49418472,USD
2020-12-02,0.58569,0.60434,0.57524,0.59805,16214905,USD
2020-12-03,0.59794,0.6221,0.58715,0.6163200000000001,24000980,USD
2020-12-04,0.61633,0.61961,0.5663400000000001,0.5679099999999999,48946392,USD
2020-12-05,0.56784,0.59673,0.56124,0.59668,30830984,USD
2020-12-06,0.59661,0.6069,0.5836699999999999,0.60168,13144313,USD
2020-12-07,0.60154,0.6030599999999999,0.58453,0.59109,7720522,USD
2020-12-08,0.5910299999999999,0.59478,0.55108,0.5550499999999999,8111468,USD
2020-12-09,0.55495,0.57794,0.53088,0.57321,9101834,USD
2020-12-10,0.57328,0.57556,0.54899,0.55813,19599830,USD
2020-12-11,0.5581499999999999,0.56028,0.53643,0.5441699999999999,30173712,USD
2020-12-12,0.54416,0.57359,0.5438999999999999,0.56778,1619263,USD
2020-12-13,0.5680700000000001,0.5948300000000001,0.56337,0.59109,2028089,USD
2020-12-14,0.59066,0.59141,0.57601,0.5861900000000001,1782664,USD
2020-12-15,0.5862200000000001,0.59697,0.5799500000000001,0.5889099999999999,1741347,USD
2020-12-16,0.58881,0.63818,0.5809,0.63738,3114829,USD
2020-12-17,0.6372899999999999,0.67568,0.62736,0.6431699999999999,3674617,USD
2020-12-18,0.64328,0.66426,0.63044,0.65385,2632516,USD
2020-12-19,0.65408,0.6695399999999999,0.64591,0.6581699999999999,2168104,USD
2020-12-20,0.65779,0.66104,0.62239,0.6382599999999999,2108939,USD
2020-12-21,0.63828,0.6478700000000001,0.59997,0.60785,1877894,USD
2020-12-22,0.6078600000000001,0.63747,0.58824,0.63747,2120868,USD
2020-12-23,0.6370399999999999,0.6381100000000001,0.5540900000000001,0.58569,2202941,USD
2020-12-24,0.58547,0.6149199999999999,0.5661499999999999,0.61234,1718787,USD
2020-12-25,0.61238,0.6339,0.6050099999999999,0.62693,1704929,USD
2020-12-26,0.62699,0.65236,0.6160399999999999,0.63658,1942560,USD
2020-12-27,0.63635,0.71546,0.62712,0.68371,2312255,USD
2020-12-28,0.68376,0.74786,0.68247,0.73005,2746912,USD
2020-12-29,0.73026,0.7397699999999999,0.69024,0.73176,1817668,USD
2020-12-30,0.7320399999999999,0.7571100000000001,0.72021,0.7517999999999999,1858262,USD
2020-12-31,0.7519199999999999,0.75513,0.7246699999999999,0.73594,1042671,USD
2021-01-01,0.73587,0.7489600000000001,0.71574,0.72912,1641656,USD
2021-01-02,0.729,0.78726,0.71515,0.7745,2253560,USD
2021-01-03,0.77454,1.00849,0.7695700000000001,0.97497,4022020,USD
2021-01-04,0.97776,1.15827,0.89424,1.0424,5192008,USD
2021-01-05,1.04248,1.13156,0.97691,1.09952,3252048,USD
2021-01-06,1.09977,1.21078,1.06067,1.20777,3745742,USD
2021-01-07,1.20871,1.28681,1.15309,1.2243499999999998,2710166,USD
2021-01-08,1.22433,1.27108,1.06925,1.21573,2714580,USD
2021-01-09,1.2159200000000001,1.30175,1.17239,1.27558,1994817,USD
2021-01-10,1.2758699999999998,1.34798,1.18045,1.25604,2647209,USD
2021-01-11,1.2558399999999998,1.2572999999999999,0.91796,1.09147,4192003,USD
2021-01-12,1.08696,1.1491900000000002,1.00828,1.05019,3086238,USD
2021-01-13,1.0502,1.13466,0.9909600000000001,1.12846,2248596,USD
2021-01-14,1.1288,1.24652,1.08852,1.22617,1549214,USD
2021-01-15,1.2333399999999999,1.2561300000000002,1.07919,1.17168,2848436,USD
2021-01-16,1.1721199999999998,1.29092,1.15404,1.22827,2285326,USD
2021-01-17,1.22833,1.26901,1.16839,1.2326400000000002,2148990,USD
2021-01-18,1.23393,1.2603,1.18415,1.25806,1725667,USD
2021-01-19,1.2581,1.4374200000000001,1.25236,1.372,2274791,USD
2021-01-20,1.372,1.40656,1.23727,1.37753,3045249,USD
2021-01-21,1.3776300000000001,1.3873900000000001,1.09526,1.11733,2764890,USD
2021-01-22,1.11801,1.2728499999999998,1.04502,1.23458,2941477,USD
2021-01-23,1.23434,1.2716500000000002,1.1969400000000001,1.2334,1457953,USD
2021-01-24,1.2334100000000001,1.398,1.22214,1.39028,2304544,USD
2021-01-25,1.39069,1.47468,1.29813,1.3179,2767324,USD
2021-01-26,1.3176700000000001,1.3779400000000002,1.24645,1.3662699999999999,2563443,USD
2021-01-27,1.3661400000000001,1.37231,1.2104000000000001,1.24762,2899614,USD
2021-01-28,1.24767,1.35951,1.2211500000000002,1.32847,814313,USD
2021-01-29,1.3291600000000001,1.43627,1.28826,1.3793,3329879,USD
2021-01-30,1.37978,1.40578,1.32766,1.37696,1590838,USD
2021-01-31,1.3770499999999999,1.38004,1.28241,1.31273,1542367,USD
2021-02-01,1.3126900000000001,1.37644,1.27209,1.3734000000000002,1654291,USD
2021-02-02,1.37331,1.54688,1.3616300000000001,1.5113599999999998,2734866,USD
2021-02-03,1.51196,1.6679300000000001,1.51027,1.66434,2271930,USD
2021-02-04,1.66419,1.69364,1.5704500000000001,1.594,2342435,USD
2021-02-05,1.5939100000000002,1.76009,1.58928,1.7192,1801373,USD
2021-02-06,1.71911,1.7429000000000001,1.6480299999999999,1.67663,1776825,USD
2021-02-07,1.67662,1.69229,1.4916800000000001,1.61299,1940503,USD
2021-02-08,1.61298,1.7751199999999998,1.56643,1.75018,2171855,USD
2021-02-09,1.7501900000000001,1.81894,1.7114,1.7706300000000001,1940947,USD
2021-02-10,1.77081,1.8354000000000001,1.68352,1.74209,2006412,USD
2021-02-11,1.7421099999999998,1.81768,1.70497,1.7863499999999999,1560450,USD
2021-02-12,1.78674,1.86217,1.74104,1.8410199999999999,1752172,USD
2021-02-13,1.8409,1.87136,1.76605,1.81549,1438209,USD
2021-02-14,1.8154400000000002,1.85,1.78711,1.80178,1427218,USD
2021-02-15,1.8006,1.83551,1.66109,1.7788199999999998,1944421,USD
2021-02-16,1.7786300000000002,1.82707,1.72678,1.78169,1479326,USD
2021-02-17,1.7814400000000001,1.85403,1.73415,1.84795,1690174,USD
2021-02-18,1.84995,1.95004,1.8490499999999999,1.93416,881868,USD
2021-02-19,1.9341700000000002,1.96893,1.8927,1.95559,1782858,USD
2021-02-20,1.95554,2.04079,1.8,1.91388,2290722,USD
2021-02-21,1.91297,1.97499,1.8857000000000002,1.9334500000000001,1471930,USD
2021-02-22,1.93352,1.9350399999999999,1.56168,1.77728,2684611,USD
2021-02-23,1.77725,1.7814400000000001,1.37045,1.57811,3601992,USD
2021-02-24,1.57827,1.71116,1.50579,1.62371,2186344,USD
2021-02-25,1.62376,1.66924,1.46092,1.47615,1750576,USD
2021-02-26,1.47677,1.56166,1.4033,1.44544,2125453,USD
2021-02-27,1.4456900000000001,1.52769,1.4271500000000001,1.45893,1556380,USD
2021-02-28,1.45884,1.46776,1.2947899999999999,1.41876,2068053,USD
2021-03-01,1.4189100000000001,1.57115,1.4115499999999999,1.57003,1915625,USD
2021-03-02,1.57,1.60213,1.45722,1.4886199999999998,1738556,USD
2021-03-03,1.4888,1.65304,1.47772,1.57105,1169650,USD
2021-03-04,1.56784,1.6237300000000001,1.5068599999999999,1.5386099999999998,1698354,USD
2021-03-05,1.53973,1.54871,1.44332,1.53029,1665988,USD
2021-03-06,1.53024,1.67001,1.5146199999999999,1.6491900000000002,2070252,USD
2021-03-07,1.65094,1.73284,1.63473,1.7281,1690465,USD
2021-03-08,1.72717,1.8410499999999999,1.66554,1.83149,1968560,USD
2021-03-09,1.83157,1.8691,1.80129,1.8691,1580545,USD
2021-03-10,1.8693199999999999,1.87598,1.7595,1.79414,1664107,USD
2021-03-11,1.7942799999999999,1.8453199999999998,1.72905,1.82579,1580213,USD
2021-03-12,1.82744,1.84119,1.7231800000000002,1.7669000000000001,1519957,USD
2021-03-13,1.76705,1.94336,1.73046,1.92113,1789652,USD
2021-03-14,1.92129,1.9323599999999999,1.83678,1.84906,671564,USD
2021-03-15,1.8481800000000002,1.89059,1.74504,1.79238,1704434,USD
2021-03-16,1.79208,1.8173499999999998,1.71597,1.8048499999999998,1811469,USD
2021-03-17,1.80456,1.8378800000000002,1.74362,1.8233499999999998,1496275,USD
2021-03-18,1.82372,1.84923,1.76083,1.7760799999999999,1534784,USD
2021-03-19,1.7758699999999998,1.84888,1.73542,1.8096400000000001,1198902,USD
2021-03-20,1.8090899999999999,1.86809,1.8015999999999999,1.8046,27034,USD
2021-03-21,1.8046,1.81585,1.74847,1.78372,1428793,USD
2021-03-22,1.78358,1.80662,1.6592799999999999,1.68237,1583965,USD
2021-03-23,1.6815,1.72001,1.6541400000000002,1.6679000000000002,1464750,USD
2021-03-24,1.66842,1.73982,1.54648,1.5823800000000001,1876609,USD
2021-03-25,1.58223,1.6213199999999999,1.5501099999999999,1.58654,1543439,USD
2021-03-26,1.58636,1.69927,1.58628,1.6985999999999999,1639046,USD
2021-03-27,1.69868,1.73173,1.66712,1.71301,1397810,USD
2021-03-28,1.71289,1.72474,1.66192,1.6867999999999999,1306161,USD
2021-03-29,1.6868800000000002,1.83941,1.6783800000000002,1.8166900000000001,1943235,USD
2021-03-30,1.81692,1.85765,1.7886,1.84101,3032573,USD
2021-03-31,1.84101,1.9454,1.7746600000000001,1.91799,2593667,USD
2021-04-01,1.91882,1.9838399999999998,1.89738,1.96796,2079780,USD
2021-04-02,1.9681199999999999,2.14411,1.9499900000000001,2.1345500000000004,2467361,USD
2021-04-03,2.13466,2.13768,2.0044,2.00859,2008209,USD
2021-04-04,2.0078199999999997,2.09131,1.982,2.07594,1587412,USD
2021-04-05,2.0761399999999997,2.12789,2.00405,2.10641,2308699,USD
2021-04-06,2.10881,2.15078,2.04748,2.11153,1933808,USD
2021-04-07,2.1124099999999997,2.12825,1.93964,1.96146,2295881,USD
2021-04-08,1.96244,2.0840799999999997,1.95183,2.07992,1727481,USD
2021-04-09,2.0801999999999996,2.10107,2.0503899999999997,2.0669299999999997,2465777,USD
2021-04-10,2.06726,2.19773,2.05823,2.13379,2088518,USD
2021-04-11,2.13389,2.1647600000000002,2.1145500000000004,2.15142,1974249,USD
2021-04-12,2.1507899999999998,2.19952,2.10373,2.13781,2159605,USD
2021-04-13,2.13755,2.31547,2.13649,2.29993,2377435,USD
2021-04-14,2.29925,2.4454000000000002,2.28149,2.43156,2108501,USD
2021-04-15,2.4329,2.5419,2.40275,2.51422,1911180,USD
2021-04-16,2.5145500000000003,2.54454,2.3023000000000002,2.42318,2083368,USD
2021-04-17,2.42412,2.4939299999999998,2.31412,2.31833,1731692,USD
2021-04-18,2.31788,2.33853,1.94893,2.23717,2764602,USD
2021-04-19,2.2361,2.27587,2.0813,2.1606300000000003,1901030,USD
2021-04-20,2.16106,2.34518,2.058,2.33214,1858410,USD
2021-04-21,2.33184,2.4675100000000003,2.23815,2.36081,2104047,USD
2021-04-22,2.36032,2.6429899999999997,2.31346,2.4011,3165540,USD
2021-04-23,2.3989499999999997,2.44021,2.11926,2.36731,3456897,USD
2021-04-24,2.36735,2.36746,2.1595999999999997,2.2159299999999997,1614413,USD
2021-04-25,2.21723,2.3552,2.16991,2.31648,1018682,USD
2021-04-26,2.32063,2.5398,2.30597,2.53312,1794021,USD
2021-04-27,2.53107,2.6779499999999996,2.48444,2.66524,1454218,USD
2021-04-28,2.66583,2.75903,2.56274,2.74654,1740524,USD
2021-04-29,2.7465100000000002,2.79752,2.67035,2.7573600000000003,1650956,USD
2021-04-30,2.75702,2.79761,2.72603,2.77278,1516765,USD
2021-05-01,2.77227,2.9517399999999996,2.7536,2.94466,1507853,USD
2021-05-02,2.94504,2.98452,2.85412,2.95033,1303234,USD
2021-05-03,2.95007,3.45144,2.95007,3.42937,2324317,USD
2021-05-04,3.42948,3.51634,3.1889000000000003,3.2867100000000002,2744931,USD
2021-05-05,3.28431,3.5407800000000003,3.22886,3.5227600000000003,1866478,USD
2021-05-06,3.5227399999999998,3.6015900000000003,3.3806,3.48952,1511619,USD
2021-05-07,3.49083,3.58334,3.36356,3.48122,1346260,USD
2021-05-08,3.47981,3.95288,3.45337,3.9055500000000003,1342221,USD
2021-05-09,3.90569,3.97977,3.73444,3.92223,1939690,USD
2021-05-10,3.92348,4.20398,3.66984,3.9479,2702973,USD
2021-05-11,3.94866,4.17753,3.78186,4.16778,1272933,USD
2021-05-12,4.17361,4.3661,3.79415,3.81177,2782017,USD
2021-05-13,3.8075,4.0319899999999995,3.53996,3.71962,3208841,USD
2021-05-14,3.71946,4.17176,3.69454,4.07538,2059612,USD
2021-05-15,4.0745700000000005,4.129989999999999,3.6391199999999997,3.6416500000000003,1941190,USD
2021-05-16,3.64367,3.8771999999999998,3.3519200000000002,3.5821199999999997,2277016,USD
2021-05-17,3.58219,3.58227,3.13012,3.27968,2845117,USD
2021-05-18,3.2805,3.55857,3.2449299999999996,3.3775500000000003,2297356,USD
2021-05-19,3.37622,3.4340100000000002,1.92225,2.43569,6415036,USD
2021-05-20,2.4365900000000003,2.98852,2.1634,2.77755,4325975,USD
2021-05-21,2.76688,2.93166,2.11142,2.43311,4229658,USD
2021-05-22,2.43309,2.48106,2.16284,2.2916,2823685,USD
2021-05-23,2.29268,2.37989,1.73991,2.10134,3523766,USD
2021-05-24,2.1013,2.6672,2.08087,2.6467899999999998,3236837,USD
2021-05-25,2.64727,2.74749,2.38881,2.70509,3276658,USD
2021-05-26,2.70569,2.9083699999999997,2.6481,2.88466,2659567,USD
2021-05-27,2.88502,2.8858699999999997,2.63862,2.7358800000000003,2391700,USD
2021-05-28,2.74239,2.76017,2.33243,2.41429,3260083,USD
2021-05-29,2.41168,2.5674200000000003,2.20721,2.2760700000000003,2943611,USD
2021-05-30,2.27697,2.46584,2.18193,2.3861,2802183,USD
2021-05-31,2.38693,2.71398,2.27942,2.7084699999999997,2825247,USD
2021-06-01,2.7079400000000002,2.73823,2.52973,2.63367,2451500,USD
2021-06-02,2.63374,2.801,2.5548800000000003,2.7060999999999997,2602968,USD
2021-06-03,2.7050500000000004,2.88919,2.66639,2.85335,1085334,USD
2021-06-04,2.85663,2.85663,2.55771,2.6865,2465959,USD
2021-06-05,2.68875,2.81402,2.55598,2.62898,2554913,USD
2021-06-06,2.62843,2.7435300000000002,2.61448,2.71366,756358,USD
2021-06-07,2.71352,2.84288,2.5812399999999998,2.59263,3012988,USD
2021-06-08,2.59212,2.6187,2.32064,2.51065,75179,USD
2021-06-09,2.50786,2.6207399999999996,2.4083699999999997,2.60623,2319177,USD
2021-06-10,2.6074499999999996,2.61546,2.43241,2.46997,1293095,USD
2021-06-11,2.47004,2.49348,2.32421,2.35145,587182,USD
2021-06-12,2.35145,2.4480399999999998,2.2608,2.36847,1798714,USD
2021-06-13,2.36868,2.5479000000000003,2.31196,2.50827,1622481,USD
2021-06-14,2.5084899999999997,2.60691,2.46761,2.58148,1789796,USD
2021-06-15,2.58142,2.6379,2.51239,2.54383,1948603,USD
2021-06-16,2.54435,2.55212,2.35324,2.36728,1373733,USD
2021-06-17,2.36778,2.45911,2.30908,2.37162,1058512,USD
2021-06-18,2.3721,2.37662,2.14274,2.22953,778792,USD
2021-06-19,2.22953,2.2767,2.1641399999999997,2.1669099999999997,1075175,USD
2021-06-20,2.1663,2.27683,2.04503,2.24386,1421393,USD
2021-06-21,2.24425,2.25786,1.86832,1.89118,2693071,USD
2021-06-22,1.8909500000000001,1.9943199999999999,1.70724,1.87666,2839822,USD
2021-06-23,1.87728,2.0431,1.82357,1.96839,1766983,USD
2021-06-24,1.96876,2.03396,1.88674,1.9891400000000001,1641253,USD
2021-06-25,1.98977,2.01747,1.7934700000000001,1.81057,1648563,USD
2021-06-26,1.81053,1.8504,1.71932,1.83062,1991985,USD
2021-06-27,1.8304200000000002,1.9807000000000001,1.80859,1.97988,1865986,USD
2021-06-28,1.9812400000000001,2.14284,1.96289,2.0830900000000003,2192525,USD
2021-06-29,2.08348,2.24186,2.0761700000000003,2.15871,898056,USD
2021-06-30,2.1583200000000002,2.28155,2.0906100000000003,2.2738400000000003,1901826,USD
2021-07-01,2.2745,2.27463,2.07756,2.1091100000000003,1714910,USD
2021-07-02,2.10858,2.1586999999999996,2.01975,2.15478,1394215,USD
2021-07-03,2.1545300000000003,2.23697,2.1158,2.2247,1276896,USD
2021-07-04,2.2247,2.3861999999999997,2.22295,2.3232199999999996,1389427,USD
2021-07-05,2.3226,2.3226,2.16309,2.19616,822946,USD
2021-07-06,2.19625,2.34747,2.1942,2.32272,1778485,USD
2021-07-07,2.3227399999999996,2.4026799999999997,2.29643,2.31657,1321813,USD
2021-07-08,2.31621,2.3224699999999996,2.09592,2.1202199999999998,1824319,USD
2021-07-09,2.12005,2.1856199999999997,2.06609,2.14589,1420364,USD
2021-07-10,2.14615,2.1913,2.07843,2.11112,929323,USD
2021-07-11,2.1109,2.17334,2.08162,2.13935,724841,USD
2021-07-12,2.13944,2.1675999999999997,2.00866,2.03509,540101,USD
2021-07-13,2.03509,2.04261,1.92062,1.94072,717845,USD
2021-07-14,1.94048,2.01799,1.86845,1.9946400000000002,1050506,USD
2021-07-15,1.9947300000000001,2.03891,1.8848099999999999,1.91721,645058,USD
2021-07-16,1.91721,1.96021,1.8524200000000002,1.8782,619618,USD
2021-07-17,1.877,1.9178,1.8519700000000001,1.89798,623520,USD
2021-07-18,1.89801,1.98824,1.8816,1.89242,829767,USD
2021-07-19,1.8914300000000002,1.9151500000000001,1.80719,1.8180699999999999,802776,USD
2021-07-20,1.8180699999999999,1.84036,1.7207000000000001,1.78607,1196565,USD
2021-07-21,1.78618,2.02951,1.7586400000000002,1.99449,1513133,USD
2021-07-22,1.99461,2.04326,1.95231,2.02458,1023062,USD
2021-07-23,2.02451,2.12966,2.00027,2.12361,961669,USD
2021-07-24,2.124,2.16229,2.10671,2.15185,907113,USD
2021-07-25,2.16698,2.19503,2.1087399999999996,2.18979,786940,USD
2021-07-26,2.1897399999999996,2.4300100000000002,2.17444,2.22953,1891029,USD
2021-07-27,2.23024,2.3186799999999996,2.15292,2.30022,1254596,USD
2021-07-28,2.30021,2.3434899999999996,2.24623,2.29911,968942,USD
2021-07-29,2.29946,2.39771,2.2691500000000002,2.3809299999999998,642749,USD
2021-07-30,2.38059,2.4674,2.3208,2.46095,1025002,USD
2021-07-31,2.46108,2.5516799999999997,2.4217,2.53219,507081,USD
2021-08-01,2.53094,2.69638,2.51526,2.5562300000000002,1203482,USD
2021-08-02,2.55607,2.66473,2.51351,2.60804,970667,USD
2021-08-03,2.60801,2.63143,2.44549,2.50665,158450,USD
2021-08-04,2.5065,2.76646,2.46232,2.7252899999999998,1225630,USD
2021-08-05,2.72528,2.8429499999999996,2.53351,2.82721,1654529,USD
2021-08-06,2.82723,2.94662,2.72604,2.88943,1062616,USD
2021-08-07,2.88958,3.16974,2.86758,3.158,64840,USD
2021-08-08,3.1583,3.18849,2.9496599999999997,3.01207,1247953,USD
2021-08-09,3.01188,3.1848400000000003,2.89924,3.16293,1437881,USD
2021-08-10,3.16281,3.23202,3.05784,3.14071,1121106,USD
2021-08-11,3.14086,3.2697,3.1226700000000003,3.1636599999999997,950121,USD
2021-08-12,3.16017,3.2362800000000003,2.98135,3.04361,965628,USD
2021-08-13,3.0431999999999997,3.32453,3.03552,3.3224299999999998,795541,USD
2021-08-14,3.32225,3.32838,3.20945,3.26469,658600,USD
2021-08-15,3.26456,3.31861,3.11534,3.3088699999999998,782810,USD
2021-08-16,3.30796,3.3342199999999997,3.13837,3.14765,859089,USD
2021-08-17,3.14767,3.2900300000000002,2.99363,3.01458,1063791,USD
2021-08-18,3.01262,3.1245100000000003,2.95104,3.0169099999999998,750740,USD
2021-08-19,3.0169200000000003,3.1855100000000003,2.96204,3.18482,844133,USD
2021-08-20,3.18483,3.30036,3.1791799999999997,3.28421,739315,USD
2021-08-21,3.28512,3.30733,3.20019,3.22396,768738,USD
2021-08-22,3.22417,3.27194,3.12898,3.2386999999999997,747649,USD
2021-08-23,3.23841,3.37542,3.23196,3.3194899999999996,1093756,USD
2021-08-24,3.3226,3.3579899999999996,3.15075,3.1732600000000004,988821,USD
2021-08-25,3.17212,3.24743,3.0806999999999998,3.2281500000000003,923126,USD
2021-08-26,3.2280300000000004,3.2496199999999997,3.05748,3.09354,118440,USD
2021-08-27,3.09378,3.27993,3.06337,3.27358,839543,USD
2021-08-28,3.2737800000000004,3.28458,3.21224,3.2439,466212,USD
2021-08-29,3.24396,3.28221,3.15531,3.2221599999999997,643728,USD
2021-08-30,3.2224299999999997,3.3457199999999996,3.1455300000000004,3.22567,966580,USD
2021-08-31,3.22823,3.46742,3.1913400000000003,3.4307399999999997,1524946,USD
2021-09-01,3.42965,3.8399099999999997,3.3848200000000004,3.83273,1475740,USD
2021-09-02,3.8269,3.83389,3.72342,3.78619,928702,USD
2021-09-03,3.78585,4.02489,3.71597,3.93629,1198186,USD
2021-09-04,3.93845,3.96833,3.8440700000000003,3.8849699999999996,672534,USD
2021-09-05,3.8854,3.98122,3.8347399999999996,3.95062,714159,USD
2021-09-06,3.9501999999999997,3.9682,3.86755,3.92721,764557,USD
2021-09-07,3.9268400000000003,3.94579,3.0613,3.42312,2465668,USD
2021-09-08,3.42435,3.55767,3.2216,3.4951,780678,USD
2021-09-09,3.49892,3.5643000000000002,3.39594,3.4235100000000003,1088338,USD
2021-09-10,3.42387,3.5129,3.15628,3.20727,1206688,USD
2021-09-11,3.20937,3.34537,3.20241,3.26733,732950,USD
2021-09-12,3.26733,3.4695,3.23187,3.4082800000000004,805974,USD
2021-09-13,3.40817,3.4292399999999996,3.1186599999999998,3.28452,1340400,USD
2021-09-14,3.28465,3.42887,3.2709099999999998,3.42887,720337,USD
2021-09-15,3.4303600000000003,3.61229,3.36163,3.6119,790269,USD
2021-09-16,3.61223,3.6726799999999997,3.4885300000000004,3.5694299999999997,195787,USD
2021-09-17,3.56992,3.5921999999999996,3.35232,3.39865,748099,USD
2021-09-18,3.39855,3.5395,3.37133,3.4359699999999997,600186,USD
2021-09-19,3.43592,3.45567,3.28285,3.32912,613996,USD
2021-09-20,3.32849,3.34404,2.93164,2.9760500000000003,1718763,USD
2021-09-21,2.9766999999999997,3.10188,2.65971,2.76152,1789381,USD
2021-09-22,2.76471,3.08797,2.74058,3.07778,1187526,USD
2021-09-23,3.0778000000000003,3.173,3.03596,3.15292,841537,USD
2021-09-24,3.15292,3.15838,2.74006,2.92857,1741144,USD
2021-09-25,2.9285900000000002,2.96548,2.8127,2.92255,975494,USD
2021-09-26,2.9224699999999997,3.1136500000000003,2.74012,3.0635100000000004,1326016,USD
2021-09-27,3.0618600000000002,3.16386,2.92624,2.92624,865299,USD
2021-09-28,2.92604,2.9691799999999997,2.79142,2.80728,896276,USD
2021-09-29,2.80715,2.9485,2.7846599999999997,2.8515,728860,USD
2021-09-30,2.85106,3.04708,2.8376799999999998,3.0005900000000003,968233,USD
2021-10-01,2.99986,3.32932,2.97275,3.30913,1143475,USD
2021-10-02,3.3091399999999997,3.4679499999999996,3.26597,3.3889699999999996,778146,USD
2021-10-03,3.38883,3.48548,3.34663,3.4173400000000003,642592,USD
2021-10-04,3.41726,3.43634,3.27322,3.3829000000000002,826832,USD
2021-10-05,3.3833200000000003,3.54083,3.3652800000000003,3.5172600000000003,663880,USD
2021-10-06,3.5153499999999998,3.62719,3.34556,3.5754099999999998,1054309,USD
2021-10-07,3.57543,3.6501799999999998,3.47347,3.586,826290,USD
2021-10-08,3.58691,3.6683499999999998,3.5372399999999997,3.5594200000000003,681736,USD
2021-10-09,3.5599600000000002,3.62611,3.5414,3.5742,464111,USD
2021-10-10,3.57452,3.59918,3.40922,3.4150300000000002,767490,USD
2021-10-11,3.41493,3.6225300000000002,3.38143,3.54506,683236,USD
2021-10-12,3.5414899999999996,3.54535,3.4044899999999996,3.4899,609886,USD
2021-10-13,3.4910799999999997,3.61204,3.416,3.6072800000000003,557184,USD
2021-10-14,3.6073600000000003,3.82047,3.58824,3.79041,697087,USD
2021-10-15,3.79034,3.9049099999999997,3.73521,3.8669000000000002,721143,USD
2021-10-16,3.86905,3.96743,3.8045500000000003,3.82755,527606,USD
2021-10-17,3.82755,3.91756,3.6646300000000003,3.8454699999999997,543522,USD
2021-10-18,3.84864,3.8920100000000004,3.68582,3.7476,578206,USD
2021-10-19,3.74546,3.8843400000000003,3.7337800000000003,3.87678,488600,USD
2021-10-20,3.8767600000000004,4.16812,3.83026,4.159890000000001,752028,USD
2021-10-21,4.16051,4.36691,4.02948,4.0541599999999995,1140074,USD
2021-10-22,4.05389,4.16411,3.8964000000000003,3.97094,654771,USD
2021-10-23,3.97094,4.1693299999999995,3.93879,4.16885,487025,USD
2021-10-24,4.1688,4.184,3.96584,4.0828,507629,USD
2021-10-25,4.08268,4.2347600000000005,4.06994,4.21992,481414,USD
2021-10-26,4.21992,4.29198,4.09819,4.12951,559294,USD
2021-10-27,4.13006,4.2996099999999995,3.91406,3.9219299999999997,1068620,USD
2021-10-28,3.92154,4.2898000000000005,3.89633,4.2848999999999995,865802,USD
2021-10-29,4.2848999999999995,4.4583,4.26821,4.4136999999999995,781573,USD
2021-10-30,4.4136999999999995,4.4284099999999995,4.25024,4.32065,494872,USD
2021-10-31,4.322,4.39361,4.169479999999999,4.28756,555323,USD
2021-11-01,4.2874099999999995,4.376939999999999,4.15751,4.32085,574256,USD
2021-11-02,4.32085,4.59838,4.28736,4.586060000000001,630259,USD
2021-11-03,4.58696,4.66188,4.45887,4.60221,634683,USD
2021-11-04,4.60193,4.60483,4.42187,4.5351099999999995,495859,USD
2021-11-05,4.53496,4.569310000000001,4.4396700000000004,4.475,409754,USD
2021-11-06,4.475,4.52675,4.33029,4.51736,442598,USD
2021-11-07,4.517270000000001,4.634390000000001,4.5027,4.6120600000000005,337809,USD
2021-11-08,4.61205,4.822970000000001,4.61205,4.8083800000000005,673213,USD
2021-11-09,4.80834,4.83669,4.7154300000000005,4.7318299999999995,437410,USD
2021-11-10,4.7318299999999995,4.86406,4.49878,4.63403,761904,USD
2021-11-11,4.633979999999999,4.77817,4.57866,4.72087,418611,USD
2021-11-12,4.7205,4.80716,4.51196,4.6673100000000005,634592,USD
2021-11-13,4.665760000000001,4.70502,4.58537,4.644609999999999,290268,USD
2021-11-14,4.644399999999999,4.69276,4.51495,4.62559,340963,USD
2021-11-15,4.62571,4.76938,4.54347,4.56298,495958,USD
2021-11-16,4.56297,4.56297,4.11531,4.2081599999999995,1124444,USD
2021-11-17,4.20829,4.2983,4.07101,4.2908800000000005,664942,USD
2021-11-18,4.290310000000001,4.34274,3.95844,4.00187,792376,USD
2021-11-19,3.99629,4.30541,3.97808,4.2954300000000005,571956,USD
2021-11-20,4.29527,4.434270000000001,4.20675,4.40885,462992,USD
2021-11-21,4.409020000000001,4.4226,4.2462,4.26808,446234,USD
2021-11-22,4.26807,4.31146,4.02675,4.08695,717082,USD
2021-11-23,4.08673,4.38475,4.06417,4.340229999999999,684354,USD
2021-11-24,4.340229999999999,4.3728299999999996,4.17219,4.27354,595963,USD
2021-11-25,4.2707299999999995,4.54974,4.2489,4.5203,578651,USD
2021-11-26,4.5203,4.548100000000001,3.91743,4.03453,1004251,USD
2021-11-27,4.03706,4.183020000000001,4.02906,4.0948,370731,USD
2021-11-28,4.09516,4.29763,3.98024,4.29698,487532,USD
2021-11-29,4.29698,4.45682,4.2801800000000005,4.44322,532658,USD
2021-11-30,4.44322,4.74912,4.34921,4.6289,973455,USD
2021-12-01,4.62872,4.7781400000000005,4.52533,4.583279999999999,669180,USD
2021-12-02,4.583279999999999,4.62975,4.43753,4.512899999999999,608067,USD
2021-12-03,4.512899999999999,4.64673,4.04707,4.2193000000000005,942767,USD
2021-12-04,4.2193000000000005,4.23756,3.53302,4.12346,1518917,USD
2021-12-05,4.118270000000001,4.24738,4.036,4.1948,707687,USD
2021-12-06,4.1949499999999995,4.3732299999999995,3.92265,4.3533100000000005,993788,USD
2021-12-07,4.35136,4.4242,4.25945,4.30708,550783,USD
2021-12-08,4.30708,4.4496899999999995,4.22963,4.43574,574326,USD
2021-12-09,4.43574,4.48289,4.078139999999999,4.10769,642168,USD
2021-12-10,4.1072,4.22679,3.8940300000000003,3.90348,798118,USD
2021-12-11,3.90352,4.09492,3.83692,4.07566,581262,USD
2021-12-12,4.07817,4.17321,3.98829,4.13178,360450,USD
2021-12-13,4.13147,4.1412700000000005,3.67319,3.78194,891665,USD
2021-12-14,3.78212,3.8794299999999997,3.69006,3.8615500000000003,577613,USD
2021-12-15,3.86051,4.09015,3.64969,4.01924,821216,USD
2021-12-16,4.01957,4.1082399999999994,3.95546,3.95662,512120,USD
2021-12-17,3.9571199999999997,3.99387,3.70233,3.87829,654901,USD
2021-12-18,3.8781999999999996,3.99305,3.76991,3.9598299999999997,475862,USD
2021-12-19,3.9599,4.02536,3.8909000000000002,3.9253400000000003,442486,USD
2021-12-20,3.92546,3.9786599999999996,3.75742,3.9388,531105,USD
2021-12-21,3.94403,4.05876,3.91556,4.01659,496713,USD
2021-12-22,4.01625,4.0724,3.94415,3.97954,426426,USD
2021-12-23,3.9795700000000003,4.14917,3.89589,4.11014,573176,USD
2021-12-24,4.1102,4.13377,4.02424,4.04339,353853,USD
2021-12-25,4.0436,4.13603,4.02487,4.09314,308530,USD
2021-12-26,4.09338,4.104229999999999,4.00538,4.06127,283576,USD
2021-12-27,4.06202,4.1252200000000006,4.03304,4.036239999999999,313319,USD
2021-12-28,4.03686,4.03686,3.76086,3.79169,527234,USD
2021-12-29,3.79295,3.82597,3.6071999999999997,3.6279299999999997,456030,USD
2021-12-30,3.62933,3.76793,3.5896399999999997,3.7095700000000003,355717,USD
2021-12-31,3.70938,3.8120100000000003,3.6237399999999997,3.67785,405653,USD
2022-01-01,3.67769,3.7752,3.67575,3.76567,239541,USD
2022-01-02,3.76567,3.8511599999999997,3.71833,3.83067,242553,USD
2022-01-03,3.8306999999999998,3.8495,3.68248,3.7642399999999996,338507,USD
2022-01-04,3.76462,3.8890700000000002,3.7152399999999997,3.78952,415813,USD
2022-01-05,3.78447,3.84644,3.41846,3.53586,582713,USD
2022-01-06,3.53615,3.55019,3.30614,3.40777,701888,USD
